,name,year,city,story,story_start_in,other
0,习近平,1953,陕西省渭南市富平县,出生,1953.0,
1,习近平,1954,陕西省渭南市富平县,出生,1953.0,
2,习近平,1955,陕西省渭南市富平县,出生,1953.0,
3,习近平,1956,陕西省渭南市富平县,出生,1953.0,
4,习近平,1957,陕西省渭南市富平县,出生,1953.0,
5,习近平,1958,陕西省渭南市富平县,出生,1953.0,
6,习近平,1959,陕西省渭南市富平县,出生,1953.0,
7,习近平,1960,陕西省渭南市富平县,出生,1953.0,
8,习近平,1961,陕西省渭南市富平县,出生,1953.0,
9,习近平,1962,陕西省渭南市富平县,出生,1953.0,
10,习近平,1963,陕西省渭南市富平县,出生,1953.0,
11,习近平,1964,陕西省渭南市富平县,出生,1953.0,
12,习近平,1965,陕西省渭南市富平县,出生,1953.0,
13,习近平,1966,陕西省渭南市富平县,出生,1953.0,
14,习近平,1967,陕西省渭南市富平县,出生,1953.0,
15,习近平,1968,陕西省渭南市富平县,出生,1953.0,
16,习近平,1969,陕西省延安市延川县,陕西省延川县文安驿公社梁家河大队知青、党支部书记,1969.0,
17,习近平,1970,陕西省延安市延川县,陕西省延川县文安驿公社梁家河大队知青、党支部书记,1969.0,
18,习近平,1971,陕西省延安市延川县,陕西省延川县文安驿公社梁家河大队知青、党支部书记,1969.0,
19,习近平,1972,陕西省延安市延川县,陕西省延川县文安驿公社梁家河大队知青、党支部书记,1969.0,
20,习近平,1973,陕西省延安市延川县,陕西省延川县文安驿公社梁家河大队知青、党支部书记,1969.0,
21,习近平,1974,陕西省延安市延川县,陕西省延川县文安驿公社梁家河大队知青、党支部书记,1969.0,
22,习近平,1975,北京市北京市海淀区,清华大学化工系基本有机合成专业学习,1975.0,
23,习近平,1976,北京市北京市海淀区,清华大学化工系基本有机合成专业学习,1975.0,
24,习近平,1977,北京市北京市海淀区,清华大学化工系基本有机合成专业学习,1975.0,
25,习近平,1978,北京市北京市海淀区,清华大学化工系基本有机合成专业学习,1975.0,
26,习近平,1979,北京市北京市西城区,国务院办公厅、中央军委办公厅秘书（现役）,1979.0,
27,习近平,1980,北京市北京市西城区,国务院办公厅、中央军委办公厅秘书（现役）,1979.0,
28,习近平,1981,北京市北京市西城区,国务院办公厅、中央军委办公厅秘书（现役）,1979.0,
29,习近平,1982, 河北省石家庄市正定县,河北省正定县委副书记,1982.0,
30,习近平,1983, 河北省石家庄市正定县,河北省正定县委书记，正定县武装部第一政委、党委第一书记,1983.0,
31,习近平,1984, 河北省石家庄市正定县,河北省正定县委书记，正定县武装部第一政委、党委第一书记,1983.0,
32,习近平,1985,福建省厦门市,福建省厦门市委常委、副市长,1985.0,
33,习近平,1986,福建省厦门市,福建省厦门市委常委、副市长,1985.0,
34,习近平,1987,福建省厦门市,福建省厦门市委常委、副市长,1985.0,
35,习近平,1988,福建省宁德市,福建省宁德地委书记，宁德军分区党委第一书记,1988.0,
36,习近平,1989,福建省宁德市,福建省宁德地委书记，宁德军分区党委第一书记,1988.0,
37,习近平,1990,福建省福州市,福建省福州市委书记、市人大常委会主任，福州军分区党委第一书记,1990.0,
38,习近平,1991,福建省福州市,福建省福州市委书记、市人大常委会主任，福州军分区党委第一书记,1990.0,
39,习近平,1992,福建省福州市,福建省福州市委书记、市人大常委会主任，福州军分区党委第一书记,1990.0,
40,习近平,1993,福建省福州市,福建省委常委，福州市委书记、市人大常委会主任，福州军分区党委第一书记,1993.0,
41,习近平,1994,福建省福州市,福建省委常委，福州市委书记、市人大常委会主任，福州军分区党委第一书记,1993.0,
42,习近平,1995,福建省福州市,福建省委副书记，福州市委书记、市人大常委会主任，福州军分区党委第一书记,1995.0,
43,习近平,1996,福建省福州市,福建省委副书记，福建省高炮预备役师第一政委,1996.0,
44,习近平,1997,福建省福州市,福建省委副书记，福建省高炮预备役师第一政委,1996.0,
45,习近平,1998,福建省福州市,福建省委副书记，福建省高炮预备役师第一政委,1996.0,
46,习近平,1999,福建省福州市,福建省委副书记，福建省高炮预备役师第一政委,1996.0,
46,李希,1999,浙江省杭州市,浙江省委书记、代省长，浙江省军区党委第一书记，南京军区国防动员委员会副主任，浙江省国防动员委员会主任,1999.0,
46,李强,1999,北京市北京市,中央政治局常委、中央书记处书记，中央党校校长,1999.0,
46,王沪宁,1999,上海市上海市,上海市委书记，上海警备区党委第一书记,1999.0,
46,蔡奇,1999,浙江省杭州市,浙江省委书记、省人大常委会主任，浙江省军区党委第一书记,1999.0,
46,赵乐际,1999,福建省福州市,福建省委副书记、省长，南京军区国防动员委员会副主任，福建省国防动员委员会主任，福建省高炮预备役师第一政委,1999.0,
46,丁薛祥,1999,浙江省杭州市,浙江省委副书记、代省长，南京军区国防动员委员会副主任，浙江省国防动员委员会主任,1999.0,
47,李强,2000,北京市北京市,中央政治局常委、中央书记处书记，中央党校校长,1999.0,
47,王沪宁,2000,上海市上海市,上海市委书记，上海警备区党委第一书记,1999.0,
47,赵乐际,2000,福建省福州市,福建省委副书记、省长，南京军区国防动员委员会副主任，福建省国防动员委员会主任，福建省高炮预备役师第一政委,1999.0,
47,李希,2000,浙江省杭州市,浙江省委书记、代省长，浙江省军区党委第一书记，南京军区国防动员委员会副主任，浙江省国防动员委员会主任,1999.0,
47,蔡奇,2000,浙江省杭州市,浙江省委书记、省人大常委会主任，浙江省军区党委第一书记,1999.0,
47,丁薛祥,2000,浙江省杭州市,浙江省委副书记、代省长，南京军区国防动员委员会副主任，浙江省国防动员委员会主任,1999.0,
47,习近平,2000,福建省福州市,福建省委副书记，福建省高炮预备役师第一政委,1996.0,
48,王沪宁,2001,上海市上海市,上海市委书记，上海警备区党委第一书记,1999.0,
48,习近平,2001,福建省福州市,福建省委副书记，福建省高炮预备役师第一政委,1996.0,
48,丁薛祥,2001,浙江省杭州市,浙江省委副书记、代省长，南京军区国防动员委员会副主任，浙江省国防动员委员会主任,1999.0,
48,李希,2001,浙江省杭州市,浙江省委书记、代省长，浙江省军区党委第一书记，南京军区国防动员委员会副主任，浙江省国防动员委员会主任,1999.0,
48,蔡奇,2001,浙江省杭州市,浙江省委书记、省人大常委会主任，浙江省军区党委第一书记,1999.0,
48,李强,2001,北京市北京市,中央政治局常委、中央书记处书记，中央党校校长,1999.0,
48,赵乐际,2001,福建省福州市,福建省委副书记、省长，南京军区国防动员委员会副主任，福建省国防动员委员会主任，福建省高炮预备役师第一政委,1999.0,
49,丁薛祥,2002,浙江省杭州市,浙江省委副书记、代省长，南京军区国防动员委员会副主任，浙江省国防动员委员会主任,1999.0,
49,蔡奇,2002,浙江省杭州市,浙江省委书记、省人大常委会主任，浙江省军区党委第一书记,1999.0,
49,李强,2002,北京市北京市,中央政治局常委、中央书记处书记，中央党校校长,1999.0,
49,赵乐际,2002,福建省福州市,福建省委副书记、省长，南京军区国防动员委员会副主任，福建省国防动员委员会主任，福建省高炮预备役师第一政委,1999.0,
49,李希,2002,浙江省杭州市,浙江省委书记、代省长，浙江省军区党委第一书记，南京军区国防动员委员会副主任，浙江省国防动员委员会主任,1999.0,
49,王沪宁,2002,上海市上海市,上海市委书记，上海警备区党委第一书记,1999.0,
49,习近平,2002,福建省福州市,福建省委副书记，福建省高炮预备役师第一政委,1996.0,
50,丁薛祥,2003,浙江省杭州市,浙江省委副书记、代省长，南京军区国防动员委员会副主任，浙江省国防动员委员会主任,1999.0,
50,蔡奇,2003,浙江省杭州市,浙江省委书记、省人大常委会主任，浙江省军区党委第一书记,1999.0,
50,李希,2003,浙江省杭州市,浙江省委书记、代省长，浙江省军区党委第一书记，南京军区国防动员委员会副主任，浙江省国防动员委员会主任,1999.0,
50,王沪宁,2003,上海市上海市,上海市委书记，上海警备区党委第一书记,1999.0,
50,李强,2003,北京市北京市,中央政治局常委、中央书记处书记，中央党校校长,1999.0,
50,赵乐际,2003,福建省福州市,福建省委副书记、省长，南京军区国防动员委员会副主任，福建省国防动员委员会主任，福建省高炮预备役师第一政委,1999.0,
50,习近平,2003,福建省福州市,福建省委副书记，福建省高炮预备役师第一政委,1996.0,
51,王沪宁,2004,上海市上海市,上海市委书记，上海警备区党委第一书记,1999.0,
51,蔡奇,2004,浙江省杭州市,浙江省委书记、省人大常委会主任，浙江省军区党委第一书记,1999.0,
51,李强,2004,北京市北京市,中央政治局常委、中央书记处书记，中央党校校长,1999.0,
51,李希,2004,浙江省杭州市,浙江省委书记、代省长，浙江省军区党委第一书记，南京军区国防动员委员会副主任，浙江省国防动员委员会主任,1999.0,
51,丁薛祥,2004,浙江省杭州市,浙江省委副书记、代省长，南京军区国防动员委员会副主任，浙江省国防动员委员会主任,1999.0,
51,赵乐际,2004,福建省福州市,福建省委副书记、省长，南京军区国防动员委员会副主任，福建省国防动员委员会主任，福建省高炮预备役师第一政委,1999.0,
51,习近平,2004,福建省福州市,福建省委副书记，福建省高炮预备役师第一政委,1996.0,
52,李希,2005,浙江省杭州市,浙江省委书记、代省长，浙江省军区党委第一书记，南京军区国防动员委员会副主任，浙江省国防动员委员会主任,1999.0,
52,王沪宁,2005,上海市上海市,上海市委书记，上海警备区党委第一书记,1999.0,
52,蔡奇,2005,浙江省杭州市,浙江省委书记、省人大常委会主任，浙江省军区党委第一书记,1999.0,
52,习近平,2005,福建省福州市,福建省委副书记，福建省高炮预备役师第一政委,1996.0,
52,丁薛祥,2005,浙江省杭州市,浙江省委副书记、代省长，南京军区国防动员委员会副主任，浙江省国防动员委员会主任,1999.0,
52,赵乐际,2005,福建省福州市,福建省委副书记、省长，南京军区国防动员委员会副主任，福建省国防动员委员会主任，福建省高炮预备役师第一政委,1999.0,
52,李强,2005,北京市北京市,中央政治局常委、中央书记处书记，中央党校校长,1999.0,
53,蔡奇,2006,浙江省杭州市,浙江省委书记、省人大常委会主任，浙江省军区党委第一书记,1999.0,
53,丁薛祥,2006,浙江省杭州市,浙江省委副书记、代省长，南京军区国防动员委员会副主任，浙江省国防动员委员会主任,1999.0,
53,李强,2006,北京市北京市,中央政治局常委、中央书记处书记，中央党校校长,1999.0,
53,王沪宁,2006,上海市上海市,上海市委书记，上海警备区党委第一书记,1999.0,
53,李希,2006,浙江省杭州市,浙江省委书记、代省长，浙江省军区党委第一书记，南京军区国防动员委员会副主任，浙江省国防动员委员会主任,1999.0,
53,习近平,2006,福建省福州市,福建省委副书记，福建省高炮预备役师第一政委,1996.0,
53,赵乐际,2006,福建省福州市,福建省委副书记、省长，南京军区国防动员委员会副主任，福建省国防动员委员会主任，福建省高炮预备役师第一政委,1999.0,
54,蔡奇,2007,浙江省杭州市,浙江省委书记、省人大常委会主任，浙江省军区党委第一书记,1999.0,
54,李强,2007,北京市北京市,中央政治局常委、中央书记处书记，中央党校校长,1999.0,
54,丁薛祥,2007,浙江省杭州市,浙江省委副书记、代省长，南京军区国防动员委员会副主任，浙江省国防动员委员会主任,1999.0,
54,李希,2007,浙江省杭州市,浙江省委书记、代省长，浙江省军区党委第一书记，南京军区国防动员委员会副主任，浙江省国防动员委员会主任,1999.0,
54,习近平,2007,福建省福州市,福建省委副书记、代省长，南京军区国防动员委员会副主任，福建省国防动员委员会主任，福建省高炮预备役师第一政委,2007.0,
54,王沪宁,2007,上海市上海市,上海市委书记，上海警备区党委第一书记,1999.0,
54,赵乐际,2007,福建省福州市,福建省委副书记、省长，南京军区国防动员委员会副主任，福建省国防动员委员会主任，福建省高炮预备役师第一政委,1999.0,
