姓名,时间,省份,城市,区县,职务,备注
习近平,1953,陕西省,渭南市,富平县,出生,
习近平,1969,陕西省,延安市,延川县,陕西省延川县文安驿公社梁家河大队知青、党支部书记,
习近平,1975,北京市,北京市,,清华大学化工系基本有机合成专业学习,
习近平,1979,北京市,北京市,,国务院办公厅、中央军委办公厅秘书（现役）,
习近平,1982," 河北省",石家庄市,正定县,河北省正定县委副书记,
习近平,1983," 河北省",石家庄市,正定县,河北省正定县委书记，正定县武装部第一政委、党委第一书记,
习近平,1985,福建省,厦门市,,福建省厦门市委常委、副市长,
习近平,1988,福建省,宁德市,,福建省宁德地委书记，宁德军分区党委第一书记,
习近平,1990,福建省,福州市,,福建省福州市委书记、市人大常委会主任，福州军分区党委第一书记,
习近平,1993,福建省,福州市,,福建省委常委，福州市委书记、市人大常委会主任，福州军分区党委第一书记,
习近平,1995,福建省,福州市,,福建省委副书记，福州市委书记、市人大常委会主任，福州军分区党委第一书记,
习近平,1996,福建省,福州市,,福建省委副书记，福建省高炮预备役师第一政委,
习近平,1998,北京市,北京市,,【学习开始，去北京】清华大学人文社会学院马克思主义理论与思想政治教育专业在职研究生班学习，获法学博士学位,
习近平,2002,福建省,福州市,,【学习完毕，回福州】清华大学人文社会学院马克思主义理论与思想政治教育专业在职研究生班学习，获法学博士学位,
习近平,1999,福建省,福州市,,福建省委副书记、代省长，南京军区国防动员委员会副主任，福建省国防动员委员会主任，福建省高炮预备役师第一政委,
习近平,2000,福建省,福州市,,福建省委副书记、省长，南京军区国防动员委员会副主任，福建省国防动员委员会主任，福建省高炮预备役师第一政委,
习近平,2002,浙江省,杭州市,,浙江省委副书记、代省长，南京军区国防动员委员会副主任，浙江省国防动员委员会主任,
习近平,2002,浙江省,杭州市,,浙江省委书记、代省长，浙江省军区党委第一书记，南京军区国防动员委员会副主任，浙江省国防动员委员会主任,
习近平,2003,浙江省,杭州市,,浙江省委书记、省人大常委会主任，浙江省军区党委第一书记,
习近平,2007,上海市,上海市,,上海市委书记，上海警备区党委第一书记,
习近平,2007,北京市,北京市,,中央政治局常委、中央书记处书记，中央党校校长,
习近平,2008,北京市,北京市,,中央政治局常委、中央书记处书记，中华人民共和国副主席，中央党校校长,
习近平,2010,北京市,北京市,,中央政治局常委、中央书记处书记，中华人民共和国副主席，中共中央军事委员会副主席，中华人民共和国中央军事委员会副主席，中央党校校长,
习近平,2012,北京市,北京市,,中央委员会总书记，中共中央军事委员会主席，中华人民共和国副主席，中华人民共和国中央军事委员会副主席,
习近平,2013,北京市,北京市,,中央委员会总书记，中共中央军事委员会主席，中华人民共和国主席，中华人民共和国中央军事委员会主席,
李强,1959,浙江省,温州市,瑞安县,出生,
李强,1976,浙江省,温州市,瑞安县,浙江省瑞安县马屿区机电排灌站职工,
李强,1977,浙江省,温州市,瑞安县,借调瑞安县路线教育工作队驻江溪公社分队工作,
李强,1977,浙江省,温州市,瑞安县,浙江省瑞安县工具三厂职工,
李强,1978,浙江省,宁波市,,浙江农业大学宁波分校农机系农机化专业学习,
李强,1982,浙江省,温州市,瑞安县,浙江省瑞安县莘塍区团委负责人,
李强,1983,浙江省,温州市,瑞安县,共青团浙江省瑞安县委干部,
李强,1984,浙江省,温州市,瑞安县,共青团浙江省瑞安县委书记,
李强,1984,浙江省,杭州市,,浙江省民政厅农村救济处干部,
李强,1985,浙江省,杭州市,,浙江省民政厅农村救济处副处长,
李强,1985,北京市,北京市,,【学习开始，去北京】中国社会学函授大学社会学专业学习,
李强,1985,北京市,北京市,,【借调开始，在北京】借调民政部救灾司工作,
李强,1986,北京市,北京市,,【借调完毕，在北京】借调民政部救灾司工作,
李强,1987,浙江省,杭州市,,【学习完毕，回杭州】中国社会学函授大学社会学专业学习,
李强,1988,浙江省,杭州市,,浙江省民政厅农村救济处处长,
李强,1990,浙江省,杭州市,,浙江省民政厅救灾救济处处长,
李强,1991,浙江省,杭州市,,浙江省民政厅党组成员、人事处处长,
李强,1992,浙江省,杭州市,,浙江省民政厅副厅长、党组成员,
李强,1995,浙江省,杭州市,,【学习开始，在杭州】浙江大学研究生课程进修班管理工程专业学习,
李强,1996,浙江省,金华市,永康市,浙江省金华市委常委、永康市委书记,
李强,1997,浙江省,金华市,永康市,【学习完毕，回永康市】浙江大学研究生课程进修班管理工程专业学习,
李强,1998,浙江省,金华市,永康市,浙江省金华市委常委，永康市委书记、市人大常委会主任,
李强,1998,浙江省,杭州市,,浙江省政府办公厅副主任、党组成员,
李强,2000,浙江省,杭州市,,浙江省工商行政管理局局长、党委书记,
李强,2001,北京市,北京市,,【学习开始，去北京】中央党校一年制中青年干部培训班学习,
李强,2001,北京市,北京市,,【学习开始，在北京】中央党校在职研究生班世界经济专业学习,
李强,2002,浙江省,温州市,,浙江省温州市委书记,
李强,2003,浙江省,温州市,,浙江省温州市委书记、市人大常委会主任,
李强,2003,香港,香港,,【学习开始，去香港】香港理工大学管理学院工商管理专业学习，获高级管理人员工商管理硕士学位,
李强,2004,浙江省,温州市,,【学习结束，回温州】中央党校在职研究生班世界经济专业学习,
李强,2004,浙江省,杭州市,,浙江省委秘书长,
李强,2005,香港,香港,,【学习结束，回杭州】香港理工大学管理学院工商管理专业学习，获高级管理人员工商管理硕士学位,
李强,2005,浙江省,杭州市,,浙江省委常委、秘书长,
李强,2011,浙江省,杭州市,,浙江省委副书记、秘书长、政法委书记,
李强,2012,浙江省,杭州市,,浙江省委副书记、政法委书记,
李强,2012,浙江省,杭州市,,浙江省委副书记、代省长,
李强,2013,浙江省,杭州市,,浙江省委副书记、省长,
李强,2016,江苏省,南京市,,江苏省委书记,
李强,2017,江苏省,南京市,,江苏省委书记、省人大常委会主任,
李强,2017,江苏省,南京市,,中央政治局委员，江苏省委书记、省人大常委会主任,
李强,2017,上海市,上海市,,中央政治局委员，上海市委书记,
李强,2002,上海市,上海市,,中央政治局常委，上海市委书记,
李强,2022,北京市,北京市,,中央政治局常委,
赵乐际,1957,陕西省,西安市,,出生,
赵乐际,1974,青海省,海南藏族自治州,贵德县,青海省贵德县河东乡贡巴大队知青,
赵乐际,1975,青海省,西宁市,,青海省商业厅通讯员,
赵乐际,1977,北京市,北京市,,北京大学哲学系哲学专业学习,
赵乐际,1980,青海省,西宁市,,青海省商业厅政治处干事，省商业学校教师、校团委书记,
赵乐际,1982,青海省,西宁市,,青海省商业学校教务科副科长,
赵乐际,1983,青海省,西宁市,,青海省商业厅政治处副主任、厅团委书记,
赵乐际,1984,青海省,西宁市,,青海省五金交电化工公司党委书记、经理,
赵乐际,1986,青海省,西宁市,,青海省商业厅副厅长、党委副书记,
赵乐际,1991,青海省,西宁市,,青海省商业厅厅长、党委书记,
赵乐际,1992,青海省,西宁市,,青海省商业厅厅长、党委书记、省供销联社主任,
赵乐际,1993,青海省,西宁市,,青海省省长助理，省财政厅厅长、党组书记,
赵乐际,1994,青海省,西宁市,,青海省副省长兼省财政厅厅长、党组书记,
赵乐际,1995,青海省,西宁市,,青海省副省长,
赵乐际,1997,青海省,西宁市,,青海省副省长、西宁市委书记,
赵乐际,1997,青海省,西宁市,,青海省委副书记、西宁市委书记,
赵乐际,1996,北京市,北京市,,【学习开始，去北京】中国社会科学院研究生院货币银行专业研究生课程班学习,
赵乐际,1998,北京市,北京市,,【学习结束，在北京】中国社会科学院研究生院货币银行专业研究生课程班学习,
赵乐际,1998,北京市,北京市,,【学习开始，在北京】中央党校省部级干部进修班学习,
赵乐际,1999,青海省,西宁市,,【学习结束，在西宁】中央党校省部级干部进修班学习,
赵乐际,1999,青海省,西宁市,,青海省委副书记、代省长,
赵乐际,2000,青海省,西宁市,,青海省委副书记、省长,
赵乐际,2002,北京市,北京市,,中央党校在职研究生班政治学专业学习,
赵乐际,2003,青海省,西宁市,,青海省委书记、省长,
赵乐际,2003,青海省,西宁市,,青海省委书记,
赵乐际,2004,青海省,西宁市,,青海省委书记、省人大常委会主任,
赵乐际,2005,北京市,北京市,,中央党校在职研究生班政治学专业学习结束,
赵乐际,2007,陕西省,西安市,,陕西省委书记,
赵乐际,2008,陕西省,西安市,,陕西省委书记、省人大常委会主任,
赵乐际,2012,北京市,北京市,,中央政治局委员、中央书记处书记，中央组织部部长,
赵乐际,2017,北京市,北京市,,中央政治局常委，中央纪律检查委员会书记,
赵乐际,2022,北京市,北京市,,中央政治局常委,
丁薛祥,1962,江苏省,南通市,,出生,
丁薛祥,1978,黑龙江省,齐齐哈尔市,,东北重型机械学院机械工程系锻压工艺及设备专业学习,
丁薛祥,1982,上海市,上海市,,上海材料研究所九室科研人员,
丁薛祥,1984,上海市,上海市,,上海材料研究所办公室副主任、团委书记,
丁薛祥,1988,上海市,上海市,,上海材料研究所办公室主任、宣传部主任,
丁薛祥,1989,上海市,上海市,,【学习开始，在上海】复旦大学管理学院行政管理专业在职研究生学习，获理学硕士学位,
丁薛祥,1992,上海市,上海市,,上海材料研究所九室主任,
丁薛祥,1993,上海市,上海市,,上海市委党校中青年干部培训班学习,
丁薛祥,1994,上海市,上海市,,上海材料研究所副所长,
丁薛祥,1994,上海市,上海市,,【学习结束，在上海】复旦大学管理学院行政管理专业在职研究生学习，获理学硕士学位,
丁薛祥,1996,上海市,上海市,,上海材料研究所党委副书记、所长,
丁薛祥,1999,上海市,上海市,,上海市科委副主任（正局级）,
丁薛祥,2001,上海市,上海市,,上海市闸北区委副书记、代区长、区长,
丁薛祥,2004,上海市,上海市,,上海市委组织部副部长，市人事局局长、党组书记，市编办主任，市委党校副校长、校委会副主任，市行政学院副院长,
丁薛祥,2006,上海市,上海市,,上海市委副秘书长、办公厅主任，市级机关工作党委书记,
丁薛祥,2007,上海市,上海市,,上海市委常委、秘书长,
丁薛祥,2012,上海市,上海市,,上海市委常委、政法委书记,
丁薛祥,2013,北京市,北京市,,中央办公厅副主任兼国家主席办公室主任,
丁薛祥,2015,北京市,北京市,,中央办公厅主持常务工作的副主任（正部长级）兼国家主席办公室主任,
丁薛祥,2017,北京市,北京市,,中央政治局委员、中央书记处书记，中央办公厅主任兼国家主席办公室主任，中央直属机关工委书记,
丁薛祥,2018,北京市,北京市,,中央政治局委员、中央书记处书记，中央办公厅主任兼国家主席办公室主任，中央和国家机关工委书记,
丁薛祥,2022,北京市,北京市,,中央政治局常委，中央办公厅主任，中央和国家机关工作委员会书记,
王沪宁,1955,山东省,烟台市,莱州市,出生,
王沪宁,1972,上海市,上海市,,上海师范大学干校外语培训班学习,
王沪宁,1977,上海市,上海市,,上海市出版局干部,
王沪宁,1978,上海市,上海市,,复旦大学国际政治系国际政治专业硕士研究生,
王沪宁,1981,上海市,上海市,,复旦大学国际政治系教师、副教授、教授,
王沪宁,1989,上海市,上海市,,复旦大学国际政治系主任,
王沪宁,1994,上海市,上海市,,复旦大学法学院院长,
王沪宁,1995,北京市,北京市,,中央政策研究室政治组组长,
王沪宁,1998,北京市,北京市,,中央政策研究室副主任,
王沪宁,2002,北京市,北京市,,中央政策研究室主任,
王沪宁,2007,北京市,北京市,,中央书记处书记，中央政策研究室主任,
王沪宁,2012,北京市,北京市,,中央政治局委员，中央政策研究室主任,
王沪宁,2014,北京市,北京市,,中央政治局委员，中央政策研究室主任，中央全面深化改革领导小组办公室主任,
王沪宁,2017,北京市,北京市,,中央政治局常委、中央书记处书记，中央政策研究室主任，中央全面深化改革领导小组办公室主任，中央文明委主任,
王沪宁,2020,北京市,北京市,,中央政治局常委、中央书记处书记，中央全面深化改革委员会副主任，中央文明委主任,
王沪宁,2022,北京市,北京市,,中央政治局常委，中央全面深化改革委员会办公室主任,
李希,1956,甘肃省,陇南市,两当县,出生,
李希,1975,甘肃省,陇南市,两当县,甘肃省两当县云屏公社知青,
李希,1976,甘肃省,陇南市,两当县,甘肃省两当县文教局、县委办公室干事,
李希,1978,甘肃省,兰州市,,西北师范学院中文系汉语言文学专业学习,
李希,1982,甘肃省,兰州市,,甘肃省委宣传部秘书处干事,
李希,1985,甘肃省,兰州市,,甘肃省委办公厅副处级秘书,
李希,1986,甘肃省,兰州市,,甘肃省委组织部组织处副处级组织员,
李希,1987,甘肃省,兰州市,,甘肃省委组织部干部调配处副处长,
李希,1990,甘肃省,兰州市,,甘肃省委组织部正处级组织员、省委知识分子工作办公室副主任、省委组织部党政干部处处长,
李希,1995,甘肃省,兰州市,,甘肃省兰州市西固区委书记,
李希,1996,甘肃省,兰州市,,甘肃省兰州市委常委、组织部部长,
李希,1999,甘肃省,兰州市,,甘肃省兰州市委副书记、组织部部长,
李希,2001,甘肃省,张掖市,,甘肃省张掖地委书记,
李希,2002,甘肃省,张掖市,,甘肃省张掖市委书记,
李希,2004,北京市,北京市,,【学习开始，3月去北京】中央党校地厅级干部进修班学习,
李希,2004,甘肃省,张掖市,,【学习开始，7月回张掖】中央党校地厅级干部进修班学习,
李希,2004,甘肃省,兰州市,,甘肃省委秘书长,
李希,2004,陕西省,西安市,,陕西省委常委、秘书长,
李希,2006,陕西省,延安市,,陕西省委常委、延安市委书记,
李希,2007,陕西省,延安市,,陕西省委常委、延安市委书记，延安市人大常委会主任,
李希,2008,北京市,北京市,,【学习开始，去北京】清华大学经济管理学院高级管理人员工商管理专业学习，获高级管理人员工商管理硕士学位,
李希,2009,陕西省,延安市,,陕西省委常委、延安市委书记,
李希,2011,陕西省,延安市,,【学习结束，回延安】清华大学经济管理学院高级管理人员工商管理专业学习，获高级管理人员工商管理硕士学位,
李希,2011,上海市,上海市,,上海市委常委、组织部部长,
李希,2013,上海市,上海市,,上海市委副书记，中国浦东干部学院理事会副理事长、第一副院长,
李希,2014,辽宁省,沈阳市,,辽宁省委副书记、代省长、省长,
李希,2015,辽宁省,沈阳市,,辽宁省委书记、省人大常委会主任,
李希,2017,辽宁省,沈阳市,,中央政治局委员，辽宁省委书记、省人大常委会主任,
李希,2017,广东省,广州市,,中央政治局委员，广东省委书记,
李希,2022,广东省,广州市,,中央政治局常委，中央纪律检查委员会书记，广东省委书记,
李希,2022,北京市,北京市,,中央政治局常委，中央纪律检查委员会书记,
蔡奇,1955,福建省,三明市,尤溪县,出生,
蔡奇,1973,福建省,三明市,永安县,福建省永安县西洋公社插队知青,
蔡奇,1975,福建省,福州市,,福建师范大学政教系政教专业学习,
蔡奇,1978,福建省,福州市,,福建师范大学党委办公室干部,
蔡奇,1983,福建省,福州市,,福建省委办公厅综合处干部、副处长,
蔡奇,1987,福建省,福州市,,福建省委办公厅正处级秘书,
蔡奇,1991,福建省,福州市,,福建省委政改办副主任,
蔡奇,1992,福建省,福州市,,福建省委党建办副主任、省委办公厅厅务会议成员,
蔡奇,1993,福建省,福州市,,福建省委办公厅副主任、厅务会议成员,
蔡奇,1994,福建省,三明市,,【开始挂职，去三明】任福建省三明市委副书记,
蔡奇,1996,北京市,北京市,,【开始学习，3月去北京】中央党校地厅级干部培训班学习,
蔡奇,1996,福建省,三明市,,【开始学习，7月回三明】中央党校地厅级干部培训班学习,
蔡奇,1996,福建省,福州市,,【结束挂职，回福州】任福建省三明市委副书记,
蔡奇,1996,福建省,三明市,,福建省三明市委副书记,
蔡奇,1998,福建省,福州市,,【开始学习，去福州】福建师范大学经济法律学院政治经济学专业博士研究生班学习，获经济学博士学位,
蔡奇,2001,浙江省,衢州市,,【结束学习，回衢州】福建师范大学经济法律学院政治经济学专业博士研究生班学习，获经济学博士学位,
蔡奇,1997,福建省,三明市,,福建省三明市委副书记、副市长、市长,
蔡奇,1999,浙江省,衢州市,,浙江省衢州市委副书记、市长,
蔡奇,2002,浙江省,衢州市,,浙江省衢州市委书记、市人大常委会主任,
蔡奇,2004,浙江省,台州市,,浙江省台州市委书记,
蔡奇,2007,浙江省,杭州市,,浙江省杭州市委副书记、市长,
蔡奇,2010,浙江省,杭州市,,浙江省委常委、组织部部长,
蔡奇,2013,浙江省,杭州市,,浙江省委常委、副省长,
蔡奇,2014,北京市,北京市,,中央国家安全委员会办公室副主任,
蔡奇,2015,北京市,北京市,,中央国家安全委员会办公室主持常务工作的副主任（正部长级）,
蔡奇,2016,北京市,北京市,,北京市委副书记、代市长、市长，北京2022年冬奥会和冬残奥会组织委员会执行主席、党组副书记,
蔡奇,2017,北京市,北京市,,北京市委书记，北京2022年冬奥会和冬残奥会组织委员会主席、党组书记,
蔡奇,2017,北京市,北京市,,中央政治局委员，北京市委书记，北京2022年冬奥会和冬残奥会组织委员会主席、党组书记,
蔡奇,2022,北京市,北京市,,中央政治局常委、中央书记处书记，北京市委书记，北京2022年冬奥会和冬残奥会组织委员会主席、党组书记,
