,name,x,y,category,backbone,code
TZIL8JWb,片式多层陶瓷电容器，MLCC,380,-315,Product,航天,
3btHhKFn,钽电容,530,-312.5,Product,航天,
eSmsFIpL,逻辑芯片,150,-315,Product,航天,
M0C7jMaw,电源管理模块,154.5,-148.75,Product,航天,
LtI7A4UH,嵌入式计算机,660,-30,Product,航天,
Mw9xd0TB,电连接器,190,-470,Product,航天,
OZGvoXEv,芯片（半导体骨干,86,-470,Product,航天,
bImuykD5,电源管理芯片,6,-148.75,Product,航天,
9xPZHEDN,模拟芯片,5.879999999999999,-315,Product,航天,
GHuCDJRG,通信设备（通信骨干,1071.25,-580,Product,航天,
GE7PBtsq,通信芯片,1016.63,-880,Product,航天,
pqbeOHEp,雷达,1190,-260,Product,航天,
mY8q5kAF,导航系统,884.38,-37.5,Product,航天,
TjHklFMI,被动电子元器件,190,-715,Product,航天,
enP2hZq0,半导体（半导体骨干）,81,-720,Product,航天,
X7Dyio7G,电容器,462.5,-470,Product,航天,
imW53qHG,射频器件,461.5,-620,Product,航天,
r6SRVqiO,射频通信设备,872.13,-620,Product,航天,
f7cZheGL,滤波器,660,-670,Product,航天,
sSjHNC3v,变压器,660,-480,Product,航天,
iA1gYkcO,振荡器,660,-570,Product,航天,
EHBO7t4p,移动通信终端,1080,-262.5,Product,航天,
coS9OiJM,线缆,1132.5,-877.5,Product,航天,
x8JzyRSl,定位装备,964.38,-262.5,Product,航天,
CpBmeShv,烽火电子,340,-780,Company,航天,000561.SZ
2LZlEfwX,航天电器,370,-460,Company,航天,002025.SZ
ubTUZLZN,中航光电,330,-530,Company,航天,002179.SZ
1vo4hfKE,新兴装备,808.5,-97.5,Company,航天,002933.SZ
r2wNR46q,宏达电子,670,-375,Company,航天,300726.SZ
6LoveWgL,北方导航,330,-390,Company,航天,600435.SH
JzWsYe6A,惠伦晶体,424,-780,Company,航天,300460.SZ
U571RgaR,海能达,1096.63,-80,Company,航天,002583.SZ
tyOw3qFM,华测导航,808.5,-176.25,Company,航天,300627.SZ
