,name,source,target,sourcename,targetname,info
FrgC8qfq,原材料,xzv27O9C,74RNjBfC,光伏电站,光伏发电,
X3yyp5zL,原材料,jm24GxNB,fBATpEAm,银浆,电池片,材料占比10%
m5DSiMxF,父节点,fBATpEAm,k0QAL3s1,电池片,PERC电池,
2wOzha8W,父节点,fBATpEAm,YctCICAY,电池片,TOPCon电池,
lfC0TMkD,父节点,fBATpEAm,w7DGG6ue,电池片,HJT电池,
SJGJu8Xh,父节点,fBATpEAm,O2v4KRKE,电池片,IBC电池,
WwMJqILl,原材料,qwUebyqp,pzI1aXzH,石英砂,光伏玻璃,
b3Cm6Pm8,原材料,waTIp6ga,pzI1aXzH,纯碱,光伏玻璃,
tgmzZGr9,原材料,zSjTaWLC,46vKEWs8,背膜/背板,光伏组件,材料占比3%
nMSGYRtr,原材料,P4WAWvIz,gqUFKSwt,工业硅,三氯氢硅,材料占比71%
CiIZaFlL,生产,uxEo7Akt,nnF2Y4dM,通威股份,改良西门子法,
JJ4PwxLm,生产,BL6O0Y7r,eSdllfI2,中环股份,光伏硅片,
TL43qPkg,生产,F6KUDQjG,46vKEWs8,晶澳科技,光伏组件,
CB5tSHpg,生产,HrTan3bj,OwixroWQ,宇邦新材,焊带,
Fgf7q6QT,生产,S0XZkci7,pzI1aXzH,拓日新能,光伏玻璃,
n4Z23ihW,生产,E4SXnQ4M,zSjTaWLC,中来股份,背膜/背板,
RMseJseP,生产,p3lO9ePP,zSjTaWLC,赛伍技术,背膜/背板,
YFCz9K3C,生产,p3lO9ePP,twICZLex,赛伍技术,POE胶膜,
dkSoaHmz,父节点,sPgXIRTr,eUaRqUCE,胶膜,EVA胶膜,
a7anMzkE,父节点,sPgXIRTr,twICZLex,胶膜,POE胶膜,
uc9ur7cG,生产,wOjdYRpY,sPgXIRTr,福斯特,胶膜,
R2ptsfOi,父节点,q9253dPF,g95QwPLN,硅片设备,单晶炉,
29fL9owD,父节点,q9253dPF,fKbHOfpx,硅片设备,硅片分选机,
issbF84h,父节点,MSeuG32s,Py3ioOvg,光伏电池设备,硅片上下料机,
Th4SimTB,父节点,MSeuG32s,xFvjow79,光伏电池设备,制绒清洗设备,
BafTeTyi,生产,SHSFjNNQ,g2cxs0YT,晶盛机电,多晶炉,
21GxC473,生产,mOXc8qsA,xFvjow79,捷佳微创,制绒清洗设备,
gmgUNZlV,生产,UM83rAk4,6LNdBRQX,迈为股份,丝网印刷设备,
HAT4ap73,生产,mOXc8qsA,OFor5b0N,捷佳微创,薄膜沉积设备,
mjeAQbug,生产,mOXc8qsA,z9718EOD,捷佳微创,扩散炉,
2F0giAbt,父节点,MSeuG32s,z9718EOD,光伏电池设备,扩散炉,
VbTkI2Pr,父节点,MSeuG32s,6LNdBRQX,光伏电池设备,丝网印刷设备,
N6NkXK7n,父节点,MSeuG32s,3EdUKYU1,光伏电池设备,刻蚀设备,
oOLSvqzf,父节点,MSeuG32s,OFor5b0N,光伏电池设备,薄膜沉积设备,
SCOsfvgL,原材料,XSNZEEcy,46vKEWs8,光伏组件设备,光伏组件,
BbqlOlgI,生产,F13e3V6R,t2uqMGPq,阳光能源,光伏逆变器,
cMklRcVS,父节点,q9253dPF,32hmU9JR,硅片设备,金刚石线切割机,
lYXsjza1,父节点,q9253dPF,B1i340uT,硅片设备,生长炉,
NXIBtI5G,原材料,RIhSTxFl,xk6r7HgK,多晶硅料,半导体级单晶硅片,
NMLcPig7,父节点,q9253dPF,g2cxs0YT,硅片设备,多晶炉,
kVFi3Kkm,原材料,MSeuG32s,fBATpEAm,光伏电池设备,电池片,
zyVK3n65,生产,NI8WsJYZ,gqUFKSwt,三孚股份,三氯氢硅,
1IGQjK0s,原材料,nnF2Y4dM,RIhSTxFl,改良西门子法,多晶硅料,
lxt2OjoQ,原材料,jSIPBDqE,RIhSTxFl,硅烷流化床法,多晶硅料,
eTYSZ96U,原材料,gqUFKSwt,jSIPBDqE,三氯氢硅,硅烷流化床法,
fu2gxr7p,生产,naa99SdV,jSIPBDqE,上机数控,硅烷流化床法,
2Wcwo73h,原材料,ywaMZS4A,gqUFKSwt,氯化氢,三氯氢硅,材料占比9%
kjKKKQgw,原材料,gqUFKSwt,nnF2Y4dM,三氯氢硅,改良西门子法,
pLBKWJIn,原材料,gqUFKSwt,RIhSTxFl,三氯氢硅,多晶硅料,材料占比10%
sGsrrsMf,原材料,VEjaJkYU,nnF2Y4dM,电,改良西门子法,材料占比30%
0EYscftA,原材料,RIhSTxFl,eSdllfI2,多晶硅料,光伏硅片,材料占比60%
qzqwtaNw,原材料,7smUK5wz,RIhSTxFl,氢气,多晶硅料,材料占比13%
GA2X5GIG,原材料,dUtxpyRk,eSdllfI2,金刚线,光伏硅片,材料占比0.8%
WFOvXcbm,原材料,q9253dPF,eSdllfI2,硅片设备,光伏硅片,材料占比17%
D0eo7EX0,原材料,yX6RfxGZ,eSdllfI2,坩埚,光伏硅片,材料占比1.76%
QWiI44HN,原材料,q9253dPF,RIhSTxFl,硅片设备,多晶硅料,
9nlNqC5V,原材料,eSdllfI2,fBATpEAm,光伏硅片,电池片,材料占比76%
UMFHOSbO,原材料,fBATpEAm,46vKEWs8,电池片,光伏组件,材料占比67.5%
iwultzmS,原材料6%,pzI1aXzH,46vKEWs8,光伏玻璃,光伏组件,
Jmtsvosl,原材料,sPgXIRTr,46vKEWs8,胶膜,光伏组件,材料占比4%
qzuJjaAA,原材料,ujpJpWWc,wXFERlYU,光伏工程总包,光伏系统,材料占比50%
7PxZLSbe,原材料,sKJDsP4x,t2uqMGPq,IGBT模块,光伏逆变器,材料占比12%
OpTIrcSI,原材料,sT2as1n4,wXFERlYU,光伏支架,光伏系统,材料占比12%
AZkt5ZfR,原材料,GAAfmp0r,wXFERlYU,电网设备,光伏系统,材料占比15%
uq45BhmP,原材料,t2uqMGPq,wXFERlYU,光伏逆变器,光伏系统,材料占比6%
EePgVcWB,原材料,9pLwdyQz,yX6RfxGZ,高纯石英砂,坩埚,材料占比73%
3EzobLrY,原材料,VEjaJkYU,jSIPBDqE,电,硅烷流化床法,材料占比13.5%
0dSwzLjN,原材料,wXFERlYU,xzv27O9C,光伏系统,光伏电站,材料占比70%
8CDg43hu,原材料,QQ1HPHri,xzv27O9C,电化学储能,光伏电站,材料占比30%
r5RhgZbI,原材料,gKhqbuxO,QQ1HPHri,储能锂电池,电化学储能,材料占比40%
tHOZGdp6,父节点,fBATpEAm,dWMmhgO8,电池片,钙钛矿电池,
xYnVGkf2,原材料,3AxU7Ovg,dWMmhgO8,TCO 玻璃,钙钛矿电池,材料占比35%
f2pOTR7m,原材料,GcbvIgBE,pzI1aXzH,玻璃钢化炉,光伏玻璃,
xkjHTbh5,生产,3s0gQEk3,GcbvIgBE,北玻股份,玻璃钢化炉,
oQtTOwLb,父节点,GAAfmp0r,N8t4yhwC,电网设备,干式逆变器,
LlUBsXz5,生产,DzFVGYSf,N8t4yhwC,金盘股份,干式逆变器,
pc1APckU,生产,7XKIkaCg,k0QAL3s1,爱旭股份,PERC电池,
pUeNEzFI,生产,qD7b0iOZ,w7DGG6ue,三孚新科,HJT电池,
7NOPxnz8,生产,NNNhmxW9,YctCICAY,亿晶光电,TOPCon电池,
ODiLm1qc,原材料,2UENuLDH,wXFERlYU,光伏接线盒,光伏系统,
JsGSwXVA,生产,q3ZWrPB3,2UENuLDH,通灵股份,光伏接线盒,
BqV40Iq5,生产,JmeVdGPT,ujpJpWWc,华光环能,光伏工程总包,
VYXodwNh,生产,QiqxIEYf,32hmU9JR,高测股份,金刚石线切割机,
zVFjfbhb,生产,q3PNIhlV,sT2as1n4,意华股份,光伏支架,
lgyZfXV6,父节点,xzv27O9C,9LLZdSVZ,光伏电站,BIPV光伏,
1BEkVF8V,原材料,XXC29fZw,9LLZdSVZ,金属屋面维护系统,BIPV光伏,
qH2GWrhy,生产,ovrYiyjd,XXC29fZw,雅博股份,金属屋面维护系统,
Odw6M1RC,生产,Iq1gw86C,jm24GxNB,帝科股份,银浆,
w5u9bwRt,生产,o3T5Zm3o,OFor5b0N,N微导,薄膜沉积设备,
lskMyVaH,生产,NL1SHHdV,twICZLex,天洋新材,POE胶膜,
nMGlzPcR,原材料,3Ffxijst,eUaRqUCE,EVA,EVA胶膜,
qDrqSwj8,原材料,fnWhTwKw,twICZLex,POE粒子,POE胶膜,
aRhEwo6j,生产,yYMvReMP,fnWhTwKw,鼎际得,POE粒子,
l927XWhm,生产,VzBW4FEY,3Ffxijst,联泓新科,EVA,
5pvexXfd,原材料,oTMIAfuT,fBATpEAm,光伏制程污染治理,电池片,
sNuMexw1,生产,en4CShoS,oTMIAfuT,仕净科技,光伏制程污染治理,
rfGVAFKF,父节点,GAAfmp0r,LabdTkn7,电网设备,无功补偿,
MBYl3Mwo,父节点,GAAfmp0r,jeuyRdO5,电网设备,高压变频器,
ic9EVwn2,生产,cUlUHC0A,LabdTkn7,新风光,无功补偿,
0zvMF2Cp,生产,cUlUHC0A,jeuyRdO5,新风光,高压变频器,
DjyYZiwL,生产,6F6ehbWi,w7DGG6ue,横店东磁,HJT电池,
bTsbeXVt,生产,6F6ehbWi,k0QAL3s1,横店东磁,PERC电池,
iOWdbeLu,生产,6F6ehbWi,YctCICAY,横店东磁,TOPCon电池,
BFYbD3If,生产,sijOpj7m,twICZLex,鹿山新材,POE胶膜,
RhnySdFt,生产,sijOpj7m,eUaRqUCE,鹿山新材,EVA胶膜,
mfIiYmVY,生产,i32ZEBFQ,ujpJpWWc,芯能科技,光伏工程总包,
mI4ezjAu,生产,LkcrITAi,74RNjBfC,珈伟新能,光伏发电,
lIyR4m6k,生产,AuBvRWc6,P4WAWvIz,合盛硅业,工业硅,
d7lN9bKe,生产,h9PY1Lc8,t2uqMGPq,京泉华,光伏逆变器,
v7k2puOE,生产,h9PY1Lc8,MGRKoxSO,京泉华,磁性元件,
L28s7PgQ,原材料,MGRKoxSO,t2uqMGPq,磁性元件,光伏逆变器,
Aofbs6Um,生产,5hm92EwA,g95QwPLN,北方华创,单晶炉,
j5b3aKbu,生产,XSLLZ9Af,3EdUKYU1,北方华创,刻蚀设备,
XadmLCWU,生产,8lvLnynQ,xk6r7HgK,TCL中环,半导体级单晶硅片,
QmwJJWTl,原材料,AHti2PB5,fnWhTwKw,a烯烃,POE粒子,
1iaeFOgc,生产,ltWGbI27,AHti2PB5,沈阳化工,a烯烃,
KUCqxt7a,原材料,OwixroWQ,46vKEWs8,焊带,光伏组件,材料占比2%
mLDN9qJx,生产,3N164Gtd,dUtxpyRk,岱勒新材,金刚线,
BDKTDJQX,生产,jClOMkFZ,9pLwdyQz,石英股份,高纯石英砂,
MksTfwVk,生产,UJ0pySzt,yX6RfxGZ,欧晶科技,坩埚,
J3RpW4yt,生产,4Webga1e,xzv27O9C,茂硕电源,光伏电站,
KUUtnnFd,父节点,MSeuG32s,A2DkvUxE,光伏电池设备,激光加工设备,
HPnTFGUL,生产,BofFO88O,A2DkvUxE,帝尔激光,激光加工设备,
ej9a9VEI,生产,8p8pfaaq,A2DkvUxE,杰普特,激光加工设备,
IO8L0M1p,生产,HsGlGY9e,jm24GxNB,N聚和,银浆,
CUNiPgrO,生产,Gcr89Ffq,k0QAL3s1,钧达股份,PERC电池,
T96lhU8a,生产,qolHtYEX,eSdllfI2,隆基股份,光伏硅片,
iuUJLxN6,生产,0lbVv1zi,dUtxpyRk,美畅股份,金刚线,
hRlE5Zxk,生产,Rdg7h1Kl,YctCICAY,东方日升,TOPCon电池,
ly2mxOAf,生产,kJMYGfmr,YctCICAY,罗伯特科,TOPCon电池,
HtXEIlX1,生产,xE6XLI6t,sT2as1n4,中信博,光伏支架,
8bwuDjSi,生产,1XyjLx1w,t2uqMGPq,锦浪科技,光伏逆变器,
iTD62PMI,生产,Tx7ZDzRd,2UENuLDH,快可电子,光伏接线盒,
tFJfup0s,生产,oQMKXRjA,ujpJpWWc,清源股份,光伏工程总包,
e19aF4Dc,生产,5cdHuLjO,46vKEWs8,天合光能,光伏组件,
9Vll0POM,生产,yfu8F99K,ujpJpWWc,中信博,光伏工程总包,
e2mbndLu,生产,OILMp0LG,OwixroWQ,威腾电气,焊带,
BuPARJsJ,生产,ZM8odm3J,3Ffxijst,东方日升,EVA,
kBrqVR89,生产,ODc1Lbb8,74RNjBfC,立新能源,光伏发电,
2ZShL1MR,生产,h7BCWrLX,74RNjBfC,中国核电,光伏发电,
HXrU0jND,生产,7qLrloKb,74RNjBfC,江苏新能,光伏发电,
UdeQrcdm,生产,NTJ9IOAZ,32hmU9JR,宇晶股份,金刚石线切割机,
XgVJ4he7,原材料,46vKEWs8,ujpJpWWc,光伏组件,光伏工程总包,材料占比50%
0CQHyfWG,父节点,1wzlRV5C,t2uqMGPq,变流器,光伏逆变器,
