,name,source,target,sourcename,targetname
eHCPvGlk,原材料,IdG8svOj,FJsjs2MJ,汽车车身,汽车
SNXdICxf,原材料,16cD4LHs,5nVZavcv,车身加强件,汽车骨架
gaeUOJLc,原材料,7Iyb7rT4,5nVZavcv,车身覆盖件,汽车骨架
dJ81aEhc,原材料,o3H87fjB,FJsjs2MJ,汽车底盘系统,汽车
4Xc4u5Td,原材料,QkADK6L0,LBxyCi4K,轮胎,车轮
gfp4k7Xu,原材料,Rf8knE8H,LBxyCi4K,轮毂,车轮
LzatSSw8,原材料,CeOCWZqx,o3H87fjB,制动系统,汽车底盘系统
eRj5PJkQ,原材料,fzK8A5dj,o3H87fjB,行驶系统,汽车底盘系统
O9wgnG5J,原材料,HYsnmEEn,o3H87fjB,传动系统,汽车底盘系统
fPQmnQmV,原材料,cNNGv5w9,o3H87fjB,转向系统,汽车底盘系统
sVUuadH1,原材料,TjnOLFpW,5nVZavcv,车身结构件,汽车骨架
4zDk7xWB,原材料,5nVZavcv,IdG8svOj,汽车骨架,汽车车身
72zgPBfx,原材料,dA9oI3ty,FJsjs2MJ,汽车发动机,汽车
QuJHehUr,原材料,ABTXBROg,fzK8A5dj,空气悬架（空气悬挂系统）,行驶系统
6Ha9ZKoH,原材料,LBxyCi4K,fzK8A5dj,车轮,行驶系统
0Er7pAxJ,原材料,ukkrGPgn,IdG8svOj,汽车车门,汽车车身
DL500Bvn,原材料,TVP1mlkt,IdG8svOj,车身附件,汽车车身
viZfaIor,原材料,bCbYrMYy,IdG8svOj,汽车外饰,汽车车身
IGwrQ4pF,原材料,WNDQ2Ct0,IdG8svOj,汽车内饰,汽车车身
TUpMsSN3,父节点,TVP1mlkt,WnvtWzAB,车身附件,汽车玻璃
X1LZKadl,原材料,kqd3Bxzy,IdG8svOj,汽车座椅总成,汽车车身
WvA7eleu,父节点,TVP1mlkt,ptTsVCyZ,车身附件,安全气囊
nQ1pg8Fo,原材料,MjCF7M20,dA9oI3ty,发动机冷却系统,汽车发动机
G6ldU44o,原材料,8kBjr2EW,dA9oI3ty,发动机润滑系统,汽车发动机
nbIEkepP,原材料,qaXZAX1k,dA9oI3ty,发动机燃油系统,汽车发动机
uEJ1ztsj,父节点,FJsjs2MJ,Y4Hx7x7C,汽车,新能源汽车
5nh7x7bc,原材料,CHVmYFNi,FJsjs2MJ,汽车热管理系统,汽车
h9x9mS2Z,原材料,6AVJXzEL,Ik9NN7XD,电源系统,电动汽车
pL0XZjj9,父节点,Y4Hx7x7C,Ik9NN7XD,新能源汽车,电动汽车
V505KhXK,原材料,sPxVsaer,Ik9NN7XD,电力驱动系统,电动汽车
xTAUFVtF,原材料,zHKR03Zo,6AVJXzEL,车载充电机,电源系统
21ico4ig,原材料,CpZmHb9A,6AVJXzEL,能量管理系统,电源系统
35wriLfw,原材料,MzBLPjd7,fhDGxrWZ,蜂鸣器,信号系统
El2vcDvs,原材料,gIy1UovR,fhDGxrWZ,车载扬声器,信号系统
o0JR27Np,父节点,Y4Hx7x7C,fUju3MMy,新能源汽车,氢燃料汽车
vOflfz0v,原材料,boFU1N3E,FJsjs2MJ,汽车附属设备,汽车
1sMdOreH,父节点,boFU1N3E,b72rMCGu,汽车附属设备,中控系统
MYGExVzC,父节点,CHVmYFNi,2a6ANt4a,汽车热管理系统,汽车动力热管理系统
aBiLLB7R,父节点,CHVmYFNi,LoanJFmK,汽车热管理系统,汽车空调热管理系统
8UPBbOmj,原材料,mSrgayov,CpZmHb9A,IGBT模块,能量管理系统
f9xMUvEO,原材料,qmgdZOer,6AVJXzEL,动力锂电池,电源系统
omDcb3Lv,父节点,boFU1N3E,Ph5JRaEH,汽车附属设备,照明系统
FDalI5iP,父节点,boFU1N3E,fhDGxrWZ,汽车附属设备,信号系统
9jCVFJAh,原材料,9zd2Yjxs,b72rMCGu,中控屏,中控系统
cEQ5O9c9,原材料,cl8IYcEl,b72rMCGu,汽车辅助驾驶系统,中控系统
XveL3QWQ,原材料,R4CdYDFn,b72rMCGu,车载地图,中控系统
v2jybusZ,原材料,FSdFSNfN,CpZmHb9A,MOSFET,能量管理系统
cOlCcIsV,原材料,tPkNaCAP,FJsjs2MJ,MCU,汽车
dOgoJoQX,生产,sSMF9sI7,WnvtWzAB,福耀玻璃,汽车玻璃
kI4mgZgT,原材料,0Cz2xOqG,RgnRLbhI,数控机床,一体化车身
KLluP1LX,原材料,0Cz2xOqG,5nVZavcv,数控机床,汽车骨架
FxtFMvBd,父节点,IdG8svOj,RgnRLbhI,汽车车身,一体化车身
DpNzx7W3,生产,LUIEu58n,CeOCWZqx,伯特利,制动系统
o8T2pq31,生产,F8k12SjO,HYsnmEEn,旭升股份,传动系统
yXUONT3w,生产,F8k12SjO,ABTXBROg,旭升股份,空气悬架（空气悬挂系统）
tzu7yHEt,生产,Oehwahvr,o3H87fjB,拓普集团,汽车底盘系统
NHzdDXW8,生产,gjDIia0c,CHVmYFNi,银轮股份,汽车热管理系统
aXSOeMWE,原材料,uh1bzZFu,b72rMCGu,车身传感器,中控系统
9FNZhzOs,原材料,pXvm7y11,b72rMCGu,行车记录仪,中控系统
kUenCS6R,生产,j0pdolu3,uh1bzZFu,华域汽车,车身传感器
3OVDPqoH,生产,jTeUKIhO,YMSv43Z3,海康威视,计算机视觉芯片
3FdSlX4B,原材料,YMSv43Z3,cl8IYcEl,计算机视觉芯片,汽车辅助驾驶系统
L4HYaA4w,原材料,YMSv43Z3,pXvm7y11,计算机视觉芯片,行车记录仪
D5THlpIW,原材料,WyBmrhJD,cl8IYcEl,智能驾驶控制芯片,汽车辅助驾驶系统
okmoID1d,生产,PzsVz5DA,WyBmrhJD,英特尔,智能驾驶控制芯片
OhMJjRz2,反映,k6RtEZ9A,qmgdZOer,锂矿材料价格水平,动力锂电池
XlqbptK4,生产,e3Ajxbf7,3kyZbJp9,易事特,充电桩
zXYvrNQz,生产,BaIOL3qf,3kyZbJp9,奥特迅,充电桩
js3EjRZC,生产,66OKPoXO,3kyZbJp9,特锐德,充电桩
qfVIDy0O,生产,XyXCXMb3,WNDQ2Ct0,岱美股份,汽车内饰
go37h4yC,生产,YqvrQlf8,mSrgayov,斯达半导,IGBT模块
kHsvdfvW,生产,N3UTMsm7,tPkNaCAP,微芯科技,MCU
KMHMZEW4,生产,qvm6eAwL,tPkNaCAP,德州仪器,MCU
8Vl97byj,生产,hSDQdo1n,tPkNaCAP,恩智浦半导体,MCU
6vcvVQ1V,生产,fpu5kprx,tPkNaCAP,意法半导体,MCU
tuiXOpnM,生产,HDpQVsLG,YMSv43Z3,英伟达,计算机视觉芯片
BTsrGPRY,生产,HDpQVsLG,WyBmrhJD,英伟达,智能驾驶控制芯片
xyOK93fk,生产,wqHXrlpL,YMSv43Z3,MOBILEYE,计算机视觉芯片
P3aWRVFj,生产,B1x1TX6C,qmgdZOer,宁德时代,动力锂电池
1qc7D5OR,生产,vDYjlCvd,qmgdZOer,赣锋锂业,动力锂电池
KZunS2OH,生产,AYNTCCv2,CHVmYFNi,三花智控,汽车热管理系统
eIXxRySo,生产,LyZgjkZG,Y4Hx7x7C,比亚迪,新能源汽车
xRb1GQ7d,生产,drLzpu0l,Y4Hx7x7C,特斯拉,新能源汽车
jU0fNTxg,生产,vCRBmV8V,Y4Hx7x7C,吉利,新能源汽车
Y3G97nzr,生产,rQr85n2W,Y4Hx7x7C,LUCID,新能源汽车
VWy40rHq,生产,oDKdOvvo,Y4Hx7x7C,理想,新能源汽车
Zl8l5OQ1,生产,3sMaEdD0,0Cz2xOqG,嵘泰股份,数控机床
nUx7F1Tm,生产,yuQczla9,dA9oI3ty,潍柴动力,汽车发动机
EB73i79f,生产,JzVDJKtp,dA9oI3ty,威孚高科,汽车发动机
JskXA6eI,生产,BBDRRutO,ptTsVCyZ,华懋科技,安全气囊
FLXaCXUm,反映,dFCgUBaR,FJsjs2MJ,汽车产销值,汽车
0sIFFJYa,反映,JN7yQlGs,FJsjs2MJ,汽车经销商库存指标,汽车
3bpwGBMb,反映,Dy2i80IM,Y4Hx7x7C,新能源汽车产销指标,新能源汽车
cPJTUS2H,生产,4yIC5pDp,FJsjs2MJ,戴姆勒,汽车
WvHkFYfZ,生产,43mZKZF3,FJsjs2MJ,广汽集团,汽车
zIX0GS41,生产,P2Qeler9,FJsjs2MJ,上汽集团,汽车
kEMRe8f2,生产,6IbEZyrY,sPxVsaer,宏发股份,电力驱动系统
glBGq9xj,生产,2G0ldW2J,tPkNaCAP,英飞凌,MCU
SqqhEPsy,生产,OOMJ3X7F,R4CdYDFn,四维图新,车载地图
nrfwmtFw,生产,jucBE8AE,b72rMCGu,均胜电子,中控系统
xvb4paRd,生产,jEyyAOFH,9zd2Yjxs,联创电子,中控屏
MnQW0WGZ,生产,CS6wRytv,o3H87fjB,高通,汽车底盘系统
t1ohzytn,生产,CS6wRytv,boFU1N3E,高通,汽车附属设备
Z2tHGH0Q,生产,6iGcNvUS,RgnRLbhI,宜安科技.,一体化车身
aaHuKqKp,生产,dGpOuR3j,0Cz2xOqG,合锻智能,数控机床
JzZjYOg1,生产,b4BidkiU,qmgdZOer,先导智能,动力锂电池
28FGRuSI,生产,RJa9qCh2,5nVZavcv,文灿股份,汽车骨架
x1faQ28e,生产,OpIZ7JMH,FJsjs2MJ,长安汽车,汽车
pOmRChCb,生产,0WhMURao,gIy1UovR,上声电子,车载扬声器
sGjY2sDO,生产,CwFc2Azz,HYsnmEEn,双环传动,传动系统
b4fEZ3Es,父节点,CHVmYFNi,13zuQEWL,汽车热管理系统,新能源车动力热管理系统
IfR0weUC,储运,3kyZbJp9,DQBgUNtg,充电桩,电力
EuqTe1Io,原材料,Ik9NN7XD,80Vrfp3j,电动汽车,新能源车出行
3ItQJPl2,原材料,FJsjs2MJ,ELj04sKS,汽车,燃油车出行
DtJwfNsn,原材料,e26EFN3S,ELj04sKS,成品油,燃油车出行
c6T9CW6h,原材料,ELj04sKS,kSj0b7uh,燃油车出行,驾车需求
FGoenSxf,原材料,DQBgUNtg,80Vrfp3j,电力,新能源车出行
u8YoH1Qv,原材料,80Vrfp3j,kSj0b7uh,新能源车出行,驾车需求
