,name,x,y,external,category,cate_ch,backbone,code
TG73sREG,机械储能站,180,-330,,Product,产品,电力储能,
DXQv7mHI,电化学储能站,1086.9,-70,,Product,产品,电力储能,
e2TMt7p6,热储能站,-170,-70,,Product,产品,电力储能,
OgzLetKq,电储能站,414,-240,,Product,产品,电力储能,
YotZGBDa,储能锂电池,1949,-365,,Product,产品,电力储能,
YyDFcTZL,储能钠电池,1949,-165,,Product,产品,电力储能,
qPO1UxtG,全钒液流电池,1949,235,,Product,产品,电力储能,
6J1Rbup0,铁空气电池,1949,30,,Product,产品,电力储能,
4aDWOlEc,电储能系统,1489,-70,,Product,产品,电力储能,
MT5aINt9,储能电池,1739,-75,,Product,产品,电力储能,
2CitJ6as,电池级碳酸锂,1949,-555,,Product,产品,电力储能,
VeY8LYJd,动力锂电池,1949,-725,,Product,产品,电力储能,
Cai144F7,新能源汽车,1753,-725,,Product,产品,电力储能,
JbNJhu0C,功率半导体,1489,-485,,Product,产品,电力储能,
oviKCK3F,车规级芯片,1489,-725,,Product,产品,电力储能,
a7cfBCWg,储能逆变器,1489,-275,,Product,产品,电力储能,
xeka3NHS,电池管理系统/BMS,1699,-270,,Product,产品,电力储能,
411xjYge,能量管理系统/EMS,1280,-260,,Product,产品,电力储能,
LVtBN1hM,消防系统,1600,66.39999999999998,,Product,产品,电力储能,
4hiMj4vz,温控系统,1409,75,,Product,产品,电力储能,
2k4FF1N3,英维克,1409,215,,Company,企业,电力储能,002837.SZ
RBdjZFin,钠离子电池,2169,-165,,Product,产品,电力储能,
LRhDg7AY,钠离子电池模组,2339,-165,,Product,产品,电力储能,
hr4aM5LD,钠离子电池电芯,2519,-165,,Product,产品,电力储能,
14AG5Htj,铁,2169,30,,Product,产品,电力储能,
RQ27q1lG,五氧化二钒,2169,235,,Product,产品,电力储能,
8v6l9cZ0,户用电化学储能,896.9,-200,,Product,产品,电力储能,
RUO3VdxR,大型电化学储能,1086.9,-250,,Product,产品,电力储能,
xSEheTwL,派能科技,906.9,-365,,Company,企业,电力储能,688063.SH
A2BHuw1x,光伏发电,2940,1322,,Technique,工艺,电力储能,
HKEBcwMO,风力发电,1979,1322,,Technique,工艺,电力储能,
J9CRy6ZI,错峰电,2370,1090,,Product,产品,电力储能,
SzTl8B19,电解制氢,2370,770,,Technique,工艺,电力储能,
k0H9kFmI,工业制氢,2679,779.49,,Technique,工艺,电力储能,
ZrREjOW5,化石燃料制氢,2885.75,664.51,,Technique,工艺,电力储能,
WNEHNli3,天然气,3069,941.41,,Product,产品,电力储能,
fRevIuKY,煤,3186.5,819.9999999999998,,Product,产品,电力储能,
b5R3edO5,焦炉气,2610,1060,,Product,产品,电力储能,
B8CeICwG,氯碱,2905.75,1021.41,,Product,产品,电力储能,
6WbGaRC0,纳尔股份,2550,864.24,,Company,企业,电力储能,002825.SZ
O9vjWHYW,液氢储运,2710,180,,Product,产品,电力储能,
NMjOXtMY,气氢储运,2860,430,,Product,产品,电力储能,
NKPCF3qG,氢气纯化,2550,330,,Technique,工艺,电力储能,
HkATwqaN,压缩机,3140,130,,Product,产品,电力储能,
gQbdSTAN,昊华科技,2350,330,,Company,企业,电力储能,600378.SH杭氧股份002430.SZ
I5I1cuJf,中集安瑞科,3228,455,,Company,企业,电力储能,03899.HK
7Kd4lnOe,氢,2550,560,,Product,产品,电力储能,
q7z6Gmg0,抽水蓄能站,-50,-190,,Product,产品,电力储能,
CfKAxGqC,抽水蓄能设备,-130,-330,,Product,产品,电力储能,
Q94vcxXn,国电南瑞,-220,-470,,Company,企业,电力储能,600406.SH
GPffRRiK,湖北能源,1,-375,,Company,企业,电力储能,000883.SZ
lnrAn0la,飞轮储能设备,400,-650,,Product,产品,电力储能,
FuDUjGVA,华阳股份,590,-700,,Company,企业,电力储能,600348.SH
tK9YOPnU,城市地铁能源需求,639.51,-450,,Demand,需求,电力储能,
tP9jWMaU,陆上风电场,2280,1519,,Product,产品,电力储能,
XDpzpmEX,海上风电场,1639.51,1519,,Product,产品,电力储能,
WkZT193z,海上风电整机,1639.51,1730,,Product,产品,电力储能,
JGuYs93D,陆上线缆,2481,1519,,Product,产品,电力储能,
ohz8B9uz,海洋线缆,1411.2399999999998,1674,,Product,产品,电力储能,
EEidjLN4,陆上风电整机,2280,1730,,Product,产品,电力储能,
klDjDQcC,风塔,1960,1519,,Product,产品,电力储能,
3slOAJjT,风电整机,1960,1937,,Product,产品,电力储能,
3SgJyXCJ,风电轴承,1654,2347.36,,Product,产品,电力储能,
3qvSB8JF,熔盐储能,-660,-70,,Product,产品,电力储能,
inntpYF6,熔盐罐,-750,-215,,Product,产品,电力储能,
Fx1o0PP4,蒸汽发生器,-750,60,,Product,产品,电力储能,
D23Ifu2u,熔盐泵,-830,-70,,Product,产品,电力储能,
YYOyPZaO,储能站,180,-70,,Product,产品,电力储能,
kOSkqWHF,火电灵活性改造,690,370,,Technique,工艺,电力储能,
L3erzpQs,下调峰,420,370,,Technique,工艺,电力储能,
3pGjejfQ,上调峰,180,176.39999999999998,,Technique,工艺,电力储能,
wr4ZsVd4,电,180,655,,Product,产品,电力储能,
5x9R78n8,新能源汽车消费需求,1753,-960,,Demand,需求,电力储能,
6bDt2B7d,光伏发电,1290,370,,Technique,工艺,电力储能,
seXMweZi,风力发电,856.9,365,,Technique,工艺,电力储能,
tgogwQwy,无缝管,690,180,,Product,产品,电力储能,
dle38XgH,光热发电,-660,365,,Technique,工艺,电力储能,
AWfBaqLI,五进不锈,510,190,,Company,企业,电力储能,603878.SH
84tK4GZn,清洁能源需求,3587.5,550,,Demand,需求,电力储能,
3gYTHMw4,水力发电,-50,370,,Technique,工艺,电力储能,
RDAK9mXn,光伏电站,1290,150,,Product,产品,电力储能,
Vztrf5Im,风力电站,856.9,154.99999999999997,,Product,产品,电力储能,
1cPjiUQQ,水力电站,-50,146.4,,Product,产品,电力储能,
3za3dWGc,光热电站,-660,150,,Product,产品,电力储能,
aAweTavr,电力一次设备,-1141.79,440,,Product,产品,电力储能,
kH7kZvOW,电力二次设备,-954.29,750.3,,Product,产品,电力储能,
riNbeYuX,载流导体,-1296.79,290,,Product,产品,电力储能,
xEHP7tvV,变压器,-1336.7899999999997,440,,Product,产品,电力储能,
FlX1OEL4,发电机,-1336.79,570,,Product,产品,电力储能,
rif4QKdA,互感器,-1142.8799999999999,240,,Product,产品,电力储能,
YLPmWO6q,补偿模块,-981.79,290,,Product,产品,电力储能,
05DI9XGo,电磁储能,-981.79,120,,Product,产品,电力储能,
lt6Xkk5E,高压变频器,-1480,300,,Product,产品,电力储能,
SyBpgktU,湘电股份,-1539.92,445,,Company,企业,电力储能,600416.SH
1LhgZbwH,电力设备,-954.29,575,,Product,产品,电力储能,
SFsrlSCt,苏文电能,-120,951.74,,Company,企业,电力储能,300982.SZ
Fia23kdE,输电网,-630,941.4099999999999,,Product,产品,电力储能,
YkiXHpOJ,分布式电源,-569.9999999999998,1220.0000000000002,,Product,产品,电力储能,
Toh0KQUs,内燃机,-368.97000000000014,1364.1900000000005,,Product,产品,电力储能,
WttkgU73,微型燃气轮机,-368.97000000000014,1105.0000000000002,,Product,产品,电力储能,
Qvf5UxiC,配电网,-567.19,1036.59,,Product,产品,电力储能,
QhUHZA65,智慧能源服务平台,-624.38,830.3,,Product,产品,电力储能,
ODqWdVUp,朗新科技,-750.0000000000001,724.24,,Company,企业,电力储能,300682.SZ
cSohkyDc,电力输送服务,-283.34999999999997,1036.5900000000001,,Product,产品,电力储能,
3qpULsWx,太平洋煤气与电力,-140,1169,,Company,企业,电力储能,PCG.N
GcBv56gZ,电网,-283.35,800,,Product,产品,电力储能,
DbUNACUv,燃气电厂,610,925,,Product,产品,电力储能,
bFd2MdzE,氢能电站,1360,560,,Product,产品,电力储能,
KGB63RiB,锅炉,1305.62,1011.7400000000001,,Product,产品,电力储能,
k7S2QdXK,汽轮机,1241,1311.7399999999998,,Product,产品,电力储能,
5qyO4hAt,脱硝设备,1549.9999999999998,779.4900000000001,,Product,产品,电力储能,
mskZhDtP,炉渣处理设备,1554.7499999999998,947.0799999999999,,Product,产品,电力储能,
ZbRdZ8hz,煤电环保设备,1300,779.4899999999997,,Product,产品,电力储能,
1IoCJqVA,煤电厂,1030,1116.59,,Product,产品,电力储能,
cnTdcEgf,动力煤,800,1338.3,,Product,产品,电力储能,
BZ8On6yj,全负荷脱硝系统,1790.0000000000002,784.2400000000001,,Product,产品,电力储能,
JpnOizpw,湿式除渣系统,1790,1050,,Product,产品,电力储能,
pXbkbk3a,干式除渣系统,1790,903.3000000000002,,Product,产品,电力储能,
1b3g5nqL,青达环保,1989,910.3,,Company,企业,电力储能,688501.SH
uoWRo4jW,热力,299.9999999999999,1011.7400000000001,,Product,产品,电力储能,
o0mAlzGh,华能国际,175,1338.3,,Company,企业,电力储能,电力股份0902.HK
9Mf2cGAa,上海电力,349.99999999999966,1274.1900000000003,,Company,企业,电力储能,600021.SH
VxrCJg5p,德创环保,1750,664.51,,Company,企业,电力储能,603177.SH
1n7Lhd3z,火电厂,870,925.0000000000001,,Product,产品,电力储能,
GyfB4L3c,火力发电,179.99999999999977,1118,,Technique,工艺,电力储能,
LAhdTzAG,热电联产,429.99999999999983,924.9999999999999,,Technique,工艺,电力储能,
rTkjsNTS,增压风机,1549.51,610,,Product,产品,电力储能,
h6OC4iCU,燃气轮机,580,750.3,,Product,产品,电力储能,
NbJ6JnwM,天然气,450,739.9999999999998,,Product,产品,电力储能,
ZkKqE8li,核电站,970,653.3000000000001,,Product,产品,电力储能,
dcxyW8Oy,核能发电,690,653.3,,Technique,工艺,电力储能,
1zqhKGjS,潜热储能站,-433.36,-70,,Product,产品,电力储能,
Jql16CEs,显热储能站,-320,-220,,Product,产品,电力储能,
JTfblFK2,超导电容器站,610,-165,,Product,产品,电力储能,
gbgOQLhR,超导磁储能站,610,-340,,Product,产品,电力储能,
YQp4zvLP,飞轮储能站,400,-450,,Product,产品,电力储能,
PJ4RdaN3,压缩空气储能站,180,-580,,Product,产品,电力储能,
cGRGz19F,半导体,1370,-570,,Product,产品,电力储能,
QLoMo79i,调峰服务,180,370,,Product,产品,电力储能,
E9yS3Typ,氢能发电,990,560,,Technique,工艺,电力储能,
4o9TaLam,电力逆变器,-1226.7899999999997,664.51,,Product,产品,电力储能,
OLml5foJ,功率模块,-1019.9999999999998,910.3,,Product,产品,电力储能,
SbxMECuT,氢气储运,2710,330,,Product,产品,电力储能,
JvVAr5mP,氢气液化,2905.75,90,,Product,产品,电力储能,
YdnAvD6Q,湘电股份,570,-550,,Company,企业,电力储能,600416.SH
yaGCUSeg,通威股份,4570,1321.74,,Company,企业,电力储能,600438.SH
GLnQDz54,多晶硅料,4110,1501.74,,Product,产品,电力储能,
u66HACsp,PERC电池,4458.46,2021.7400000000002,,Product,产品,电力储能,
x3THsGNK,电池片,4355,2351.7400000000002,,Product,产品,电力储能,
F3jGqPQG,银浆,4175.16,2131.7400000000002,,Product,产品,电力储能,
lIiR6cxh,TOPCon电池,4680,2121.7400000000002,,Product,产品,电力储能,
7CgZRc3u,HJT电池,4748.46,2258.0000000000005,,Product,产品,电力储能,
p5qYq3Fm,IBC电池,4640,2560,,Product,产品,电力储能,
OV57cytf,光伏玻璃,3850,2510,,Product,产品,电力储能,
EkwkQTWY,石英砂,4014.06,2421.74,,Product,产品,电力储能,
CVx6mTXJ,纯碱,4130,2510,,Product,产品,电力储能,
b5ZV9jPZ,背膜/背板,3000,2610,,Product,产品,电力储能,
nFiSOHrp,胶膜,3590,2711.7400000000007,,Product,产品,电力储能,
yBelfSLb,焊带,3722,2631.7400000000002,,Product,产品,电力储能,
FpGqk4EZ,光伏组件,3590,2341.7400000000002,,Product,产品,电力储能,
1L33awjO,光伏逆变器,2770,1991.74,,Product,产品,电力储能,
XZBAj3Ej,三氯氢硅,4110,1105,,Product,产品,电力储能,
JZMes8PF,工业硅,4110,850,,Product,产品,电力储能,
MukdYdUX,中环股份,4070,1927.05,,Company,企业,电力储能,002129.SZ
Ndiuhdoe,晶澳科技,3350,2400,,Company,企业,电力储能,002459.SZ
8U0vJFDv,拓日新能,3860,2680,,Company,企业,电力储能,002218.SZ
HSQp0WSq,宇邦新材,3689.37,2802.7400000000002,,Company,企业,电力储能,301266.SZ
Xz7wMuhr,赛伍技术,3009,2970.7400000000002,,Company,企业,电力储能,603212.SH
VnW4GA0i,中来股份,2820,2620,,Company,企业,电力储能,300393.SZ
IMd7XG9j,EVA胶膜,3587.5,3051.7400000000002,,Product,产品,电力储能,
h0p4QBd2,POE胶膜,3260,2960.7400000000002,,Product,产品,电力储能,
ARAv4izE,福斯特,3290,2700,,Company,企业,电力储能,603806.SH
L5MzI8qd,光伏硅片,4355,1857,,Product,产品,电力储能,
dBQSVqRV,单晶炉,3560,1791.74,,Product,产品,电力储能,
UBpApEVd,硅片分选机,3680,1947.05,,Product,产品,电力储能,
rBCLBcZZ,硅片设备,3860,1857,,Product,产品,电力储能,
Vz6AZ9vp,光伏电池设备,4528.46,2740,,Product,产品,电力储能,
MuB5gFDV,光伏组件设备,3590,2044.69,,Product,产品,电力储能,
hGs0APnW,硅片上下料机,4840,2760.0000000000005,,Product,产品,电力储能,
J2tEVb9K,制绒清洗设备,4700,3000.0000000000005,,Product,产品,电力储能,
LqGXA8ZA,多晶炉,3580,1661.74,,Product,产品,电力储能,
PnjFQ7IS,晶盛机电,3587.5,1459,,Company,企业,电力储能,300316.SZ
X1QyEUJU,刻蚀设备,4370,2920.0000000000005,,Product,产品,电力储能,
JjGoaf2u,薄膜沉积设备,4808.46,2892.74,,Product,产品,电力储能,
vm1uHEUF,丝网印刷设备,4830,2620,,Product,产品,电力储能,
IFtOcrLO,捷佳微创,4828.46,3180,,Company,企业,电力储能,300724.SZ
7VC4nwGP,迈为股份,5042,2631.74,,Company,企业,电力储能,300751.SZ
2alTLkRD,光伏支架,2945.75,2100,,Product,产品,电力储能,
W9w3YcaD,阳光能源,2780,1831.74,,Company,企业,电力储能,300274.SZ
BYKpntaN,扩散炉,4528.46,3170,,Product,产品,电力储能,
ChsrCIyP,金刚石线切割机,3860,1571.74,,Product,产品,电力储能,
DiS4sTpn,生长炉,3710,1571.74,,Product,产品,电力储能,
enThNUUY,电,4320,1081.74,,Product,产品,电力储能,
iJ7DCM5p,改良西门子法,4300,1305.49,,Technique,工艺,电力储能,
5q8I6JrV,光伏系统,2940,1840.0000000000002,,Product,产品,电力储能,
12Qwzktc,IGBT模块,2549,1972.3599999999997,,Product,产品,电力储能,
Cz2BxG1j,金刚线,4700,1857,,Product,产品,电力储能,
XOSctU5u,坩埚,4538.46,1581.74,,Product,产品,电力储能,
n3FeklpV,高纯石英砂,4850,1581,,Product,产品,电力储能,
6Hy4f39T,岱勒新材,4902,1801.74,,Company,企业,电力储能,300700.SZ
CNOxrQsj,石英股份,5080,1621.74,,Company,企业,电力储能,603688.SH
Ybduyetl,三孚股份,4230,1005,,Company,企业,电力储能,603938.SH
Z5vOlFt9,氯化氢,3858,1105,,Product,产品,电力储能,
uxt4iyR7,硅烷流化床法,3934.06,1311.74,,Technique,工艺,电力储能,
Hi5w8sEC,上机数控,3810,1321.74,,Company,企业,电力储能,603185.SH
MVcZpSAZ,半导体级单晶硅片,4400,1511.74,,Product,产品,电力储能,
PENhDILI,氢气,4420,1411.74,,Product,产品,电力储能,
0axGFcli,电网设备,3106.5,1691.7400000000002,,Product,产品,电力储能,
LfDTWj4m,储能锂电池,3410,1427.7400000000002,,Product,产品,电力储能,
zkbKaEXV,电化学储能,3158,1491.7400000000002,,Product,产品,电力储能,
AgyZjT4O,光伏接线盒,2770,1691.7400000000002,,Product,产品,电力储能,
HwoJLXf2,钙钛矿电池,4770,2410.0000000000005,,Product,产品,电力储能,
sKd0ABOU,TCO 玻璃,5000,2410.0000000000005,,Product,产品,电力储能,
CMb6YvJF,玻璃钢化炉,4014.06,2630,,Product,产品,电力储能,
MtWmlNkq,北玻股份,4210,2641.7400000000002,,Company,企业,电力储能,002613.SZ
AlHRjsTK,干式逆变器,3228,1821.7400000000002,,Product,产品,电力储能,
BST8wuwa,金盘股份,3100,1831.7400000000002,,Company,企业,电力储能,688676.SH
lrbVHN3o,爱旭股份,4640,2061.7400000000002,,Company,企业,电力储能,600732.SH
mC7zKGzG,三孚新科,4940,2271.7400000000002,,Company,企业,电力储能,688359.SH
uQOzhULH,欧晶科技,4548.46,1801.74,,Company,企业,电力储能,001269.SZ
dfcR2QVp,通灵股份,2681,1581.0000000000002,,Company,企业,电力储能,301168.SZ
yp9eVJXb,华光环能,3130,2151.7400000000002,,Company,企业,电力储能,600475.SH
TDFnSEUZ,高测股份,3780,1451.74,,Company,企业,电力储能,688556.SH
Ercs2No3,意华股份,2880,2261.7400000000002,,Company,企业,电力储能,002897.SZ
8Csj0mX0,金属屋面维护系统,3340,1200.6200000000003,,Product,产品,电力储能,
5DPqXYHx,雅博股份,3600,1210.6200000000003,,Company,企业,电力储能,002323.SZ
F6eLacLq,帝科股份,4024.06,2080.0000000000005,,Company,企业,电力储能,300842.SZ
LZwT0Gm4,N微导,5042,2900.74,,Company,企业,电力储能,688147.SH
giOmJO5O,天洋新材,3158,2790,,Company,企业,电力储能,603330.SH
uJCO7JmG,EVA,3590,3380,,Product,产品,电力储能,
kwe4wTRK,POE粒子,3260,3291.7400000000002,,Product,产品,电力储能,
6Vy3USgC,鼎际得,3130,3160,,Company,企业,电力储能,603255.SH
eMGcwcpF,联泓新科,3597.5,3630.0000000000005,,Company,企业,电力储能,003022.SZ
OdOJTqdC,光伏制程污染治理,4055,2234.7100000000005,,Product,产品,电力储能,
WGG9GU81,仕净科技,3860,2221.74,,Company,企业,电力储能,301030.SZ
KM6ZoXhv,无功补偿,3300,1691.7400000000002,,Product,产品,电力储能,
TTkrBeAr,高压变频器,3229,1551.7400000000002,,Product,产品,电力储能,
Grp73u3T,新风光,3400,1561.7400000000002,,Company,企业,电力储能,688663.SH
xkpIaDqz,横店东磁,4830,1920,,Company,企业,电力储能,002056.SZ
JX5a2lqv,鹿山新材,3420,3071.7400000000002,,Company,企业,电力储能,603051.SH
0RMsFy8i,芯能科技,3210,2131.7400000000007,,Company,企业,电力储能,603105.SH
I4hzljlT,合盛硅业,4390,859.49,,Company,企业,电力储能,603260.SH
dGhkvBbR,磁性元件,2770,2234.71,,Product,产品,电力储能,
ezez2QMi,京泉华,2681,2151.74,,Company,企业,电力储能,002885.SZ
eMHmkf1l,北方华创,3480,1951.74,,Company,企业,电力储能,002371.SZ
TL0q1bDn,TCL中环,4630,1521.74,,Company,企业,电力储能,002129.SZ
tplRjVFi,a烯烃,2985.75,3291.7400000000002,,Product,产品,电力储能,
pqExPRo7,沈阳化工,2995.75,3460,,Company,企业,电力储能,000698.SZ
M0mn1NH0,光伏电站,2940,1560.0000000000002,,Product,产品,电力储能,
H8weybJh,茂硕电源,2830,1440.0000000000002,,Company,企业,电力储能,002660.SZ
W7Uz1Gxl,激光加工设备,4230,2740,,Product,产品,电力储能,
2LYiCv64,帝尔激光,4230,2940,,Company,企业,电力储能,300776.SZ
EbSWvOWx,北方华创,4375,3150,,Company,企业,电力储能,002371.SZ
kRHX2Vc5,杰普特,4070,2850,,Company,企业,电力储能,688025.SH
5uK11rev,N聚和,4270,2001.7400000000002,,Company,企业,电力储能,688503.SH
nLo7bw3Z,钧达股份,4530,2181.7400000000002,,Company,企业,电力储能,002865.SZ
i0bJSRua,隆基股份,4150,1980.0000000000005,,Company,企业,电力储能,601012.SH
UHuWiIcn,美畅股份,4800,1731.74,,Company,企业,电力储能,300861.SZ
3isoHJOg,东方日升,4880,2210,,Company,企业,电力储能,300118.SZ
2oMv5yvg,罗伯特科,4950,2011.7400000000002,,Company,企业,电力储能,300757.SZ
XJontJHA,亿晶光电,4940,2131.74,,Company,企业,电力储能,600537.SH
ScveKhR5,中信博,3019,2261.7400000000002,,Company,企业,电力储能,688408.SH
K1AmRSka,锦浪科技,2925.75,2040,,Company,企业,电力储能,300763.SZ
gjjB2fZ4,快可电子,2681,1780.0000000000002,,Company,企业,电力储能,301278.SZ
IzeT1o6A,清源股份,3009,2034.7100000000003,,Company,企业,电力储能,603628.SH
UPZsBNq0,天合光能,3350,2254.7100000000005,,Company,企业,电力储能,688599.SH
cJRjCsMd,中信博,3050,2120,,Company,企业,电力储能,688408.SH
Vyd2Ywmt,威腾电气,3839.37,2770,,Company,企业,电力储能,688226.SH
ekjArmeJ,东方日升,3380,3390,,Company,企业,电力储能,300118.SZ
OlXMMRbf,中国核电,2885.75,1210.6200000000001,,Company,企业,电力储能,601985.SH
IJqrjoF9,立新能源,3079,1210.6200000000001,,Company,企业,电力储能,001258.SZ
tsFQTDM5,江苏新能,3110,1280.0000000000002,,Company,企业,电力储能,603693.SH
8Qh4jXlK,珈伟新能,2990,1169.0000000000002,,Company,企业,电力储能,300317.SZ
LzIyOg2z,宇晶股份,3899.37,1427.74,,Company,企业,电力储能,002943.SZ
1do16AaJ,光伏工程总包,3148,1991.7400000000007,,Product,产品,电力储能,
ldp2cATv,BIPV光伏,3120,1371.7400000000002,,Product,产品,电力储能,
ZoB2bB6G,新强联,1530,2237.36,,Company,企业,电力储能,300850.SZ
DKRywmaB,明阳智能,1739,2100,,Company,企业,电力储能,601615.SH
XV43v8Kj,风电安装船,1411.2399999999998,1200.6199999999992,,Product,产品,电力储能,
tJY1YaLI,主轴,1636.7,2501.74,,Product,产品,电力储能,
Z7vnv9qI,风电配套发电机,1772.62,2478.26,,Product,产品,电力储能,
YeugRfIv,齿轮箱,1510,2071.74,,Product,产品,电力储能,
oq8iz6rb,风电变流器,2350,1941.12,,Product,产品,电力储能,
hq6BGECn,东方电缆,1255.62,1559.9999999999993,,Company,企业,电力储能,603606.SH
fFQDQ2QN,叶片,2242,2255.6199999999994,,Product,产品,电力储能,
zvIZKHlO,中材科技,2349,2631.7399999999993,,Company,企业,电力储能,002080.SZ
ar4InoHB,碳纤维,2150,2449.9999999999995,,Product,产品,电力储能,
NKfhHqMH,风机铸件,1940,2480,,Product,产品,电力储能,
rdYB5mMA,日月股份,2099,2400,,Company,企业,电力储能,603218.SH
oMd2IjsB,金雷股份,1579.5099999999998,2639.9999999999995,,Company,企业,电力储能,300443.SZ
FgT6jytQ,中国高速传动,1613,2191.74,,Company,企业,电力储能,00658.HK
ADMJPZdF,江特电机,1892.62,2361.74,,Company,企业,电力储能,002176.SZ
rvPftgbt,硅烷偶联剂 ,2449.0000000000005,2399.9999999999995,,Product,产品,电力储能,
jhXBz3yG,光威复材,2170,2597.1899999999996,,Company,企业,电力储能,300699.SZ
PPgVm22K,宏柏新材,2629.0000000000005,2537.1899999999996,,Company,企业,电力储能,605366.SH
YRQp3pA2,节能风电,1779,1334.1899999999998,,Company,企业,电力储能,601016.SH
Dz6HzTwm,风电滚子,1300,2369.999999999999,,Product,产品,电力储能,
HpfwLh9T,五洲新春,1166.9,2329.9999999999995,,Company,企业,电力储能,603667.SH
lwwKikoh,玻璃纤维,2352.0000000000005,2478.2599999999998,,Product,产品,电力储能,
jw2dKRPx,钢材,1321,1871.7399999999998,,Product,产品,电力储能,
l9Bzy0no,铸造树脂,2079,2597.1899999999996,,Product,产品,电力储能,
geluguJJ,环氧树脂,2230,2469.9999999999995,,Product,产品,电力储能,
CYQ9jtj5,变流器,2450,1787.0499999999995,,Product,产品,电力储能,
pwxxVu5l,冷却设备,2207.19,2052.3599999999997,,Product,产品,电力储能,
aJsKIkyP,防腐材料,2130,1674,,Product,产品,电力储能,
H5A3cBfN,法兰,1960,1681.74,,Product,产品,电力储能,
PJinWU78,钢锭,760,2539.9999999999995,,Product,产品,电力储能,
pGaUh736,焦炭,1875.62,2980,,Product,产品,电力储能,
Uom7xFo6,生铁,1839,2640,,Product,产品,电力储能,
CbIKlHVR,球化剂、孕育剂、固化剂,2020,2670,,Product,产品,电力储能,
HxiJE2tt,恒润股份,1919,1841.7399999999998,,Company,企业,电力储能,603985.SH
Fe3qqSdk,连铸圆坯,1171,2241.74,,Product,产品,电力储能,
PLOqjtcU,硅钢片,1399,2792.74,,Product,产品,电力储能,
eIufz85R,硼钢,1331.24,2044.69,,Product,产品,电力储能,
YfAmhIii,大金重工,1919,1421.7399999999998,,Company,企业,电力储能,002487.SZ
RtZXNsNS,废钢材,1955.62,2750,,Product,产品,电力储能,
n627Qhi1,华电重工,1251,1417.739999999999,,Company,企业,电力储能,601226.SH
jpowP2rE,时代新材,2432.0000000000005,2265.6199999999994,,Company,企业,电力储能,600458.SH
APRxW6xd,锻造铸件,1875.62,2802.74,,Product,产品,电力储能,
iXYH4Fdy,海洋工程,1411.2399999999998,1407.7399999999998,,Product,产品,电力储能,
dx0GLiqy,钕铁硼磁钢,1709,2770,,Product,产品,电力储能,
3gDidEdx,金力永磁,1664,2960.74,,Company,企业,电力储能,300748.SZ
AtOaWUeR,铜,1790,2722.74,,Product,产品,电力储能,
bRxgF5UL,天顺风能,2049,1437.7399999999998,,Company,企业,电力储能,002531.SZ
mNwuAi0m,宁波东力,1431.24,2198,,Company,企业,电力储能,002164.SZ
RUZw4Wix,陆上风电EPC,2435.7799999999997,1378.9999999999998,,Product,产品,电力储能,
H7L5u98U,永福股份,2304.21,1388.9999999999998,,Company,企业,电力储能,300712.SZ
lFlvoyUg,天海防务,1549.5099999999998,1337.0499999999993,,Company,企业,电力储能,300008.SZ
AMlLOzlQ,通裕重工,1519.51,2581.74,,Company,企业,电力储能,300185.SZ
xgAE107p,通达动力,1782.62,2357.3599999999997,,Company,企业,电力储能,002576.SZ
aGJ78CpI,阳光电源,2227.19,1839.9999999999998,,Company,企业,电力储能,300274.SZ
1w7GlPER,中广核新能源,2230,1331.7399999999998,,Company,企业,电力储能,01811.HK
YdBQvQJQ,毛坯锻件,1569.0000000000002,1867.049999999999,,Product,产品,电力储能,
SQzAJeiS,海锅股份,1789,1901.74,,Company,企业,电力储能,301063.SZ
ODxHnZcc,风电塔筒电梯,1810,1673.9999999999995,,Product,产品,电力储能,
Lo2KQA02,中际联合,1700,1580.9999999999998,,Company,企业,电力储能,605305.SH
Ox2K7G3V,振华重工,1656.6999999999998,1311.7399999999998,,Company,企业,电力储能,600320.SH
dNZ08YAW,法兰锻件,2110,1769.9999999999998,,Product,产品,电力储能,
PKpRogev,中环海陆,2007.9999999999998,1871.7399999999998,,Company,企业,电力储能,301040.SZ
5MN9k8ZV,特种钢,940,2427.36,,Product,产品,电力储能,
Z1lcgv8z,南都电源,1026.9,-410,,Company,企业,电力储能,300068.SZ
IgkWSOAy,金盘科技,1181,-400,,Company,企业,电力储能,699676.SH
ANNjCgqi,卫星石化,3150,710,,Company,企业,电力储能,002648.SZ
Gdtfxz0K,中国旭阳集团,3110,620,,Company,企业,电力储能,01907.HK
Va7W7daV,航天晨光,3118,310,,Company,企业,电力储能,600501.SH
YqXmNjKr,富瑞特装,3098,230,,Company,企业,电力储能,300228.SZ
bXgYAYCn,雪人股份,3350,130,,Company,企业,电力储能,002639.SZ
QLaDK5qu,冰轮环境,3320,40,,Company,企业,电力储能,000811.SZ
R64wxquf,深冷股份,3139,-60,,Company,企业,电力储能,300540.SZ
izWYushb,华昌化工,2699,1080,,Company,企业,电力储能,002274.SZ
LP59f5mR,中国石油,2770,1080,,Company,企业,电力储能,601857.SH
nzHc0Lwt,中国石化,2820,1027.0800000000002,,Company,企业,电力储能,600028.SH
JF7rxXyl,同飞股份,1520,196.4,,Company,企业,电力储能,300990.SZ
