,name,code,x,y,external,category,cate_ch,backbone
yWoJuDvP,铁科轨道,688569.SH,-5355,-3260,,Company,企业,陆运骨干1号
YwA0joIW,铁路基础设施,,-4902.5,-2964.22,,Product,产品,陆运骨干1号
i2voynmj,铁路轨道扣件,,-4929.12,-3510,,Product,产品,陆运骨干1号
oDzYUbCF,铁路桥梁,,-4902.5,-3240,,Product,产品,陆运骨干1号
yYcUUZOo,路基,,-4789.999999999999,-3140,,Product,产品,陆运骨干1号
8X9pfWVj,钢轨,,-5171.03,-3420,,Product,产品,陆运骨干1号
B0qzKnVX,铁路电网,,-5122,-3030.2200000000003,,Product,产品,陆运骨干1号
0YRY6nxF,四方股份,601226.SH,-5362.53,-3126.3400000000006,,Company,企业,陆运骨干1号
73lXVZtS,结构钢,,-5310,-3460,,Product,产品,陆运骨干1号
WYkLrhJc,铁路轨道,,-5009.12,-3250,,Product,产品,陆运骨干1号
sTLG1lVB,桥梁支座,,-4862.5,-3395.47,,Product,产品,陆运骨干1号
FTCjDX37,轨道板,,-5050,-3510,,Product,产品,陆运骨干1号
C8pIxJyE,粘度改性材料,,-5025,-3690,,Product,产品,陆运骨干1号
RAd8S8dz,城轨基础设施,,-5251.03,-2785.44,,Product,产品,陆运骨干1号
pfen3rUk,磁悬浮基础设施,,-4622.5,-2484.22,,Product,产品,陆运骨干1号
NHBKPckX,复合材料桥枕,,-5545.07,-2769.9999999999995,,Product,产品,陆运骨干1号
4KaeQtBr,隧道通风系统,,-5295,-2921,,Product,产品,陆运骨干1号
vAW4X17Y,凯发电气,300407.SZ,-5717.57,-2456.78,,Company,企业,陆运骨干1号
jlFbSHZ3,车站闸机,,-5485.07,-2905.4399999999996,,Product,产品,陆运骨干1号
kKmxNCao,时代新材,600458.SH,-5710,-2765.4399999999996,,Company,企业,陆运骨干1号
PEPpMzcX,金盾股份,300401.SZ,-5405.07,-3010.2200000000003,,Company,企业,陆运骨干1号
j27PwsPD,新筑股份,002480.SZ,-4810,-3520,,Company,企业,陆运骨干1号
XDUBSbiW,沥青,,-4359,-2940.000000000001,,Product,产品,陆运骨干1号
0pI9aVZT,水泥,,-4347.5,-2764.2200000000007,,Product,产品,陆运骨干1号
HF8jctXP,石油焦,,-4302.5,-2860,,Product,产品,陆运骨干1号
JAMhTTRd,道岔,,-5182,-3245,,Product,产品,陆运骨干1号
A0MIduBy,高性能尼龙材料,,-5025,-3860,,Product,产品,陆运骨干1号
BXNn47lg,混凝土,,-5206.28,-3660,,Product,产品,陆运骨干1号
PeXXPoj9,反光涂料,,-4530,-3034.2200000000007,,Product,产品,陆运骨干1号
x06yv5gb,箱式变电站,,-5362.54,-2441.28,,Product,产品,陆运骨干1号
nveeBHYW,特锐德,300001.SZ,-5591.88,-2544.2200000000003,,Company,企业,陆运骨干1号
4KNkAmMe,南京聚隆,300644.SZ,-4999.12,-3990,,Company,企业,陆运骨干1号
wVSwuo3r,康尼机电,603111.SH,-5615.07,-2960,,Company,企业,陆运骨干1号
2mQnqRpg,公路基础设施,,-4610,-2804.2200000000003,,Product,产品,陆运骨干1号
iF6szR0m,陆运基础设施,,-4849.12,-2476.4399999999996,,Product,产品,陆运骨干1号
fHJTdaFZ,施工装备,,-5230,-2586.4399999999996,,Product,产品,陆运骨干1号
tpUyyC53,北京科锐,002350.SZ,-5274,-2506.4400000000005,,Company,企业,陆运骨干1号
HLpRQeXg,中国中铁,601390.SH,-4740,-2954.22,,Company,企业,陆运骨干1号
7ucLA1sh,京沪高铁,601816.SH,-4775.62,-3044.2200000000003,,Company,企业,陆运骨干1号
NV0YcdY9,山东路桥,000498.SZ,-4740,-2834.2200000000003,,Company,企业,陆运骨干1号
