"~id","~labels","report_url","name","市场特点","code","market_scale","competitive_condition","product_unit","creator","当前产能","地域","专业性质","规格","description","别称","unit","扩产难度","backbone","其他性质","updated"
"254","Product","https://quantumgalaxy.feishu.cn/wiki/wikcnSH6OaRZv50RTjbuvbYWgob","光伏组件","2021年全球组件实际需求预计为186GW",,,,,,,,,,,,,,,,
"427","Product","https://quantumgalaxy.feishu.cn/wiki/wikcnSH6OaRZv50RTjbuvbYWgob","串焊机",,,,,,,,,,,,,,,,,
"428","Product","https://quantumgalaxy.feishu.cn/wiki/wikcnSH6OaRZv50RTjbuvbYWgob","硅片分选机",,,,,,,,,,,,,,,,,
"429","Product","https://quantumgalaxy.feishu.cn/wiki/wikcnWOHBA2DjLBeABqWJTs4t2e","光伏硅片",,,,,,,,,,,,,,,,,
"430","Product","https://quantumgalaxy.feishu.cn/wiki/wikcnSH6OaRZv50RTjbuvbYWgob","光伏电池片",,,,,,,,,,,,,,,,,
"431","Product","https://quantumgalaxy.feishu.cn/wiki/wikcnSH6OaRZv50RTjbuvbYWgob","烧结退火一体炉",,,,,,,,,,,,,,,,,
"432","Product","https://quantumgalaxy.feishu.cn/wiki/wikcnWOHBA2DjLBeABqWJTs4t2e","光伏系统",,"None","2022年中国装机量预测为85-100GW","占全国光伏总装机规模的比例为 1.55%","GW",,,,,,,,,,,,
"433","Product","https://quantumgalaxy.feishu.cn/wiki/wikcnSH6OaRZv50RTjbuvbYWgob","单晶炉",,,,,,,,,,,,,,,,,
"775","Product","https://quantumgalaxy.feishu.cn/wiki/wikcnPQNJpbPkEPYOIJGfcaJ5nf","电力","",,,,,"王泽澎","","","","","","","kWh","","'功率半导体'","","2022-04-03T22:26:35.000+0800"
"784","Product",,"工业氢气","",,,,,"王泽澎","","","","","","",,"","'功率半导体'","","2022-04-03T22:24:15.000+0800"
"1033","Product",,"光伏玻璃",,"None",,,"平方米",,,,,,,,,,,,
"1054","Product",,"纯碱",,,,,,,,,,,,,,,,,
"1055","Product",,"高纯石英砂",,,,,,,,,,,,,,,"'功率半导体'",,
"1267","Product",,"银浆",,,,,,,,,,,,,,,,,
"1268","Product",,"多晶硅料",,,,,,,,,,,,,,,"'功率半导体'",,
"1272","Product",,"光伏胶膜",,"None",,,"平方米",,,,,,,,,,,,
"1341","Product","https://quantumgalaxy.feishu.cn/wiki/wikcnSH6OaRZv50RTjbuvbYWgob","光伏硅片设备",,,,,,,,,,,,,,,,,
"1342","Product","https://quantumgalaxy.feishu.cn/wiki/wikcnSH6OaRZv50RTjbuvbYWgob","金刚石线切割机",,,"2022年硅片切割设备市场规模约65.5亿元",,,,,,,,,,,,,,
"1344","Product","https://quantumgalaxy.feishu.cn/wiki/wikcnSH6OaRZv50RTjbuvbYWgob","光伏电池设备",,,,,,,,,,,,,,,,,
"1345","Product","https://quantumgalaxy.feishu.cn/wiki/wikcnSH6OaRZv50RTjbuvbYWgob","光伏组件设备",,,,,,,,,,,,,,,,,
"1346","Product","https://quantumgalaxy.feishu.cn/wiki/wikcnSH6OaRZv50RTjbuvbYWgob","硅片上下料机",,,,,,,,,,,,,,,,,
"1347","Product","https://quantumgalaxy.feishu.cn/wiki/wikcnSH6OaRZv50RTjbuvbYWgob","丝网印刷设备",,,,,,,,,,,,,,,,,
"1348","Product","https://quantumgalaxy.feishu.cn/wiki/wikcnSH6OaRZv50RTjbuvbYWgob","制绒清洗设备",,,,,,,,,,,,,,,,,
"1349","Product","https://quantumgalaxy.feishu.cn/wiki/wikcnSH6OaRZv50RTjbuvbYWgob","多晶炉",,,,,,,,,,,,,,,,,
"1350","Product","https://quantumgalaxy.feishu.cn/wiki/wikcnSH6OaRZv50RTjbuvbYWgob","扩散炉",,,,,,,,,,,,,,,,,
"1351","Product","https://quantumgalaxy.feishu.cn/wiki/wikcnSH6OaRZv50RTjbuvbYWgob","刻蚀设备",,,,,,,,,,,,,,,,,
"1352","Product","https://quantumgalaxy.feishu.cn/wiki/wikcnSH6OaRZv50RTjbuvbYWgob","等离子增强型化学气相沉积设备",,,,,,,,,,,,"PECVD设备",,,,,
"1357","Product",,"三氯氢硅",,,,,,,,,,,,,,,"'功率半导体'",,
"1359","Product",,"氯化氢",,,,,,,,,,,,,,,"'功率半导体'",,
"1360","Product","https://quantumgalaxy.feishu.cn/wiki/wikcnSH6OaRZv50RTjbuvbYWgob","叠瓦机",,,,,,,,,,,,,,,,,
"1361","Product","https://quantumgalaxy.feishu.cn/wiki/wikcnSH6OaRZv50RTjbuvbYWgob","划片机",,,,,,,,,,,,,,,,,
"1362","Product","https://quantumgalaxy.feishu.cn/wiki/wikcnSH6OaRZv50RTjbuvbYWgob","层压机",,,,,,,,,,,,,,,,,
"1364","Product","https://quantumgalaxy.feishu.cn/wiki/wikcnijeO8qHDegzsa3XUlVpXXe","N型电池片",,,,,,,,,,,,,,,,,
"1365","Product","https://quantumgalaxy.feishu.cn/wiki/wikcnijeO8qHDegzsa3XUlVpXXe","P型电池片",,,,,,,,,,,,,,,,,
"1371","Product",,"透明EVA胶膜",,,,,,,,,,,,,,,,,
"1372","Product",,"POE胶膜",,,,,,,,,,,,,,,,,
"1373","Product",,"背膜/背板",,,,,,,,,,,,,,,,,
"1376","Product",,"光伏支架",,,,,,,,,,,,,,,,,
"1377","Product",,"光伏逆变器",,,,,,,,,,,,,,,"'功率半导体'",,
"1378","Product",,"电网设备",,,,,,,,,,,,,,,,,
"1588","Technique","https://quantumgalaxy.feishu.cn/wiki/wikcnPQNJpbPkEPYOIJGfcaJ5nf","光伏发电",,,,,,,,,,,,,,,,,
"1774","Product",,"坩埚",,,,,,,,,,,,,,,,,
"2608","Product","https://quantumgalaxy.feishu.cn/wiki/wikcnSH6OaRZv50RTjbuvbYWgob","晶体生长设备",,,,,,,,,,,,,,,,,
"2959","Product",,"金刚线",,"None",,,"千米",,,,,,,"金刚石线",,,,,
"2968","Technique",,"硅烷流化床法",,,,,,,,,,,,,,,,,
"3460","Technique",,"改良西门子法",,,,,,,,,,,,,,,,,
"4373","Product",,"光伏焊带",,,,,,,,,,,,,,,,,
"4800","Product",,"石英砂",,,,,,,,,,,,,,,,,
"5240","Product",,"白色EVA胶膜",,,,,,,,,,,,,,,,,
"5241","Product",,"共挤型EPE胶膜",,,,,,,,,,,,,,,,,