"~id","~labels","creator","name","当前产能","地域","专业性质","report_url","规格","市场特点","description","别称","扩产难度","其他性质","updated","datadate","code","stdchg1m","stdchg3m","chgrate1d","value"
"41","Demand","王泽澎","饮食需求",,,,,,,,,,,,,,,,,
"54","Product","王泽澎","豆油",,,,,,,,,,,,,,,,,
"241","Product",,"冷链物流运输",,,,,,,,,,,,,,,,,
"725","Product","彭昊","饲料","","","","https://quantumgalaxy.feishu.cn/wiki/wikcntRUqMUkQGRMkJFjMDRpZuh","","","","","","","2022-04-04T14:49:23.000+0800",,,,,,
"733","Product","彭昊","玉米","","","","https://quantumgalaxy.feishu.cn/wiki/wikcntRUqMUkQGRMkJFjMDRpZuh","","","","","","","2022-04-04T14:52:12.000+0800",,,,,,
"734","Product","彭昊","小麦","","","","https://quantumgalaxy.feishu.cn/wiki/wikcntRUqMUkQGRMkJFjMDRpZuh","","","","","","","2022-04-04T14:48:28.000+0800",,,,,,
"735","Product","彭昊","大豆","","","","https://quantumgalaxy.feishu.cn/wiki/wikcntRUqMUkQGRMkJFjMDRpZuh","","","","","","","2022-04-04T14:47:53.000+0800",,,,,,
"1162","Product",,"肉猪",,,,,,,"商品猪概念是为了区别代际，关联概念为种猪 肉猪代表屠宰后产生猪肉这一商品再进行售卖 生猪与熟猪相对应，也可以看做肉猪的总称","商品猪 生猪",,,,,,,,,
"1167","Product",,"蛋鸡",,,,"https://quantumgalaxy.feishu.cn/wiki/wikcnTz8g2nwEpmXjuvwwlxkQtg",,,,,,,,,,,,,
"1168","Product",,"鲜鸡蛋",,,,"https://quantumgalaxy.feishu.cn/wiki/wikcnTz8g2nwEpmXjuvwwlxkQtg",,,,,,,,,,,,,
"1179","Product",,"家鸡",,,,"https://quantumgalaxy.feishu.cn/wiki/wikcnTz8g2nwEpmXjuvwwlxkQtg",,,,,,,,,,,,,
"1484","Product",,"家猪",,,,,,,,,,,,,,,,,
"1485","Product",,"种猪",,,,,,,,,,,,,,,,,
"1494","Product",,"肉鸡",,,,"https://quantumgalaxy.feishu.cn/wiki/wikcnTz8g2nwEpmXjuvwwlxkQtg",,,,,,,,,,,,,
"1496","Product",,"鲜肉",,,,,,,,,,,,,,,,,
"1497","Product",,"肉制加工品",,,,,,,,,,,,,,,,,
"1776","Product",,"饲料添加剂",,,,,,,,,,,,,,,,,
"1987","Product",,"黄羽鸡",,,,,,,,,,,,,,,,,
"1988","Product",,"白羽鸡",,,,,,,,,,,,,,,,,
"2214","Company;Indicator",,"牧原股份",,,,"https://quantumgalaxy.feishu.cn/docs/doccnfCr6jgQy4TzBv4sO6TeFEf",,,,,,,,"2022-09-09","002714.SZ",0.390652,0.591916,0.00171233,58.5
"2655","Technique",,"轮回二元育种",,,,,,,,,,,,,,,,,
"2656","Technique",,"外三元杂交育种",,,,,,,,,,,,,,,,,
"2881","Product",,"餐饮店",,,,,,,,"餐饮服务",,,,,,,,,
"2951","Product",,"烘焙食品",,,,,,,,,,,,,,,,,
"3855","Product",,"商品蛋",,,,,,,,,,,,,,,,,
"5274","Technique",,"豆油榨油工艺",,,,,,,,,,,,,,,,,
"5715","Product",,"鸡肉",,,,,,,,,,,,,,,,,
"5797","Product",,"豆粕",,,,,,,,,,,,,,,,,
"5798","Product",,"商品鸡",,,,,,,,,,,,,,,,,
"5799","Product",,"种鸡",,,,,,,,,,,,,,,,,
"5804","Product",,"肉类食品",,,,,,,,,,,,,,,,,
"5805","Product",,"牛肉",,,,,,,,,,,,,,,,,
"5806","Product",,"猪肉",,,,,,,,,,,,,,,,,