"~id","~labels","name","backbone","别称","report_url"
"456","Product","IGBT芯片",,,
"457","Product","芯片","'功率半导体'","IC，集成电路",
"1055","Product","高纯石英砂","'光伏', '功率半导体'",,
"1275","Product","功率半导体","'功率半导体'",,
"1509","Product","芯片代工","'功率半导体'",,"https://quantumgalaxy.feishu.cn/wiki/wikcnfjl0sIDCNIvJYfFjJkQIyf"
"1554","Product","晶圆","'功率半导体'",,"https://quantumgalaxy.feishu.cn/wiki/wikcnfjl0sIDCNIvJYfFjJkQIyf"
"1605","Product","半导体硅片衬底","'功率半导体'",,"https://quantumgalaxy.feishu.cn/wiki/wikcnWOHBA2DjLBeABqWJTs4t2e"
"1662","Product","玻璃","'功率半导体'",,
"1807","Product","电源管理模块","'功率半导体'",,
"2516","Product","逻辑芯片",,,
"3833","Product","半导体碳化硅衬底","'功率半导体'",,
"3834","Product","芯片制造设备",,,
"4815","Product","光掩膜基板","'功率半导体'","光罩",
"4841","Product","功率芯片","'功率半导体'",,
"5011","Product","芯片封装测试",,,
"5173","Product","IGBT模块","'功率半导体'",,
"5508","Product","功率模块","'功率半导体'",,