"~id","~labels","name","backbone","别称","report_url","sell_price","market_scale","product_unit","advantage","description"
"382","Product","石墨",,,,,,,,
"456","Product","IGBT芯片","'功率半导体'",,,,,,,
"457","Product","芯片","'功率半导体'","IC，集成电路",,,,,,
"1055","Product","高纯石英砂","'光伏', '功率半导体'",,,,,,,
"1275","Product","功率半导体","'功率半导体'",,,,,,,
"1413","Technique","薄膜沉积",,,"https://quantumgalaxy.feishu.cn/wiki/wikcnfjl0sIDCNIvJYfFjJkQIyf",,,,,
"1444","Product","半导体薄膜沉积设备",,,,,,,,
"1509","Product","芯片代工","'功率半导体'",,"https://quantumgalaxy.feishu.cn/wiki/wikcnfjl0sIDCNIvJYfFjJkQIyf",,,,,
"1510","Product","半导体传感器",,,,,,,,
"1511","Technique","晶圆抛光",,,"https://quantumgalaxy.feishu.cn/wiki/wikcnfjl0sIDCNIvJYfFjJkQIyf",,,,,
"1515","Technique","离子注入",,,"https://quantumgalaxy.feishu.cn/wiki/wikcnfjl0sIDCNIvJYfFjJkQIyf",,,,,
"1518","Technique","晶圆刻蚀",,,"https://quantumgalaxy.feishu.cn/wiki/wikcnfjl0sIDCNIvJYfFjJkQIyf",,,,,
"1531","Technique","光刻",,,"https://quantumgalaxy.feishu.cn/wiki/wikcnfjl0sIDCNIvJYfFjJkQIyf",,,,,
"1532","Product","半导体分立器件",,,,,,,,
"1533","Product","光刻机",,,"https://quantumgalaxy.feishu.cn/wiki/wikcnfjl0sIDCNIvJYfFjJkQIyf",,,,,
"1536","Product","光刻胶",,,"https://quantumgalaxy.feishu.cn/wiki/wikcnfjl0sIDCNIvJYfFjJkQIyf",,,,,
"1554","Product","晶圆","'功率半导体'",,"https://quantumgalaxy.feishu.cn/wiki/wikcnfjl0sIDCNIvJYfFjJkQIyf",,,,,
"1605","Product","半导体硅片衬底","'功率半导体'",,"https://quantumgalaxy.feishu.cn/wiki/wikcnWOHBA2DjLBeABqWJTs4t2e",,,,,
"1621","Product","驱动IC",,,,,,,,
"1662","Product","玻璃","'功率半导体'",,,,,,,
"1807","Product","电源管理模块","'功率半导体'",,,,,,,
"2320","Product","光模块",,,,,,,,
"2516","Product","逻辑芯片","'功率半导体'",,,,,,,
"2517","Product","发光二极管",,"LED",,,,,,
"3833","Product","半导体碳化硅衬底","'功率半导体'",,,"6700元/片","预计到2025年，我国新能源汽车超过700万辆，对应91万片等效6英寸碳化硅晶圆。2025 年中国光伏新增装机 90-110GW，SiC功率器件渗透率50%，对应约13万片等效6英寸碳化硅晶圆。","片",,
"4815","Product","光掩膜基板","'功率半导体'","光罩",,,,,,
"4841","Product","功率芯片","'功率半导体'",,,,,,,
"5011","Product","芯片封装测试","'功率半导体'",,,,,,,
"5091","Product","EDA工具软件",,"电子设计自动化工具软件",,,,,,
"5171","Technique","物理气相传输法",,"PVT",,,,,,
"5173","Product","IGBT模块","'功率半导体'",,,,,,,
"5508","Product","功率模块","'功率半导体'",,,,,,,
"5538","Product","光电子器件",,,,,,,,
"5641","Product","CMP抛光材料",,,,,,,,
"5643","Product","半导体",,,,,,,,
"5768","Product","模拟芯片",,,,,"全球半导体市场也将从 2021 年的5278亿美元增长到 2029 年的13800亿美元，复合年增长率高达 12.2%。","单元","管理层指出，美国《2022年CHIPS法案》可能会为其产能扩张计划提供补贴",
"5789","Technique","芯片代工",,,,,,,,"各种芯片加工工艺的集合"