"~id","~labels","creator","name","report_url","backbone","当前产能","地域","专业性质","市场特点","description","规格","别称","扩产难度","其他性质","updated","market_scale","code","datadate","stdchg1m","chgrate1d","value","index_name","unit"
"49","Product","王泽澎","化妆品",,,,,,,,,,,,,,,,,,,,
"93","Product",,"信息平台","https://quantumgalaxy.feishu.cn/wiki/wikcnIKXHf3KjTHMY5rg3Hz3lbD",,,,,,,,,,,,,,,,,,,
"98","Product",,"线上销售渠道","https://quantumgalaxy.feishu.cn/wiki/wikcnIKXHf3KjTHMY5rg3Hz3lbD",,,,,,,,,,,,,,,,,,,
"401","Product",,"高端白酒",,"食品饮料",,,,,,,,,,,,,,,,,,
"417","Product",,"智能手机",,"锂离子电池",,,,,,,,,,,,,,,,,,
"487","Product",,"商业房地产","https://quantumgalaxy.feishu.cn/wiki/wikcnIKXHf3KjTHMY5rg3Hz3lbD",,,,,,,,,,,,,,,,,,,
"593","Product","呼庆红","电脑",,"锂离子电池","","","","","","","","","","2022-04-14T20:02:54.000+0800",,,,,,,,
"667","Product","呼庆红","客车",,,"","","","","","","","","","2022-04-14T08:57:15.000+0800",,,,,,,,
"756","Product","王泽澎","汽车","https://quantumgalaxy.feishu.cn/wiki/wikcnnFIz95E22oQ6vSjeAJADwb","钢铁,海运,汽车制造","","","","","","","","","","2022-04-14T09:55:36.000+0800","2021年汽车产销量为2608.2/2627.6万辆",,,,,,,
"1016","Demand","呼庆红","出行需求",,,,,,,"",,,,,"2022-04-14T08:57:40.000+0800",,,,,,,,
"1671","Demand",,"购物需求",,,,,,,,,,,,,,,,,,,,
"1826","Company",,"众信旅游",,,,,,,,,,,,,,"002707.SZ",,,,,,
"1841","Product",,"高铁客运服务",,,,,,,,,,,,,,,,,,,,
"2237","Company;Indicator",,"江苏雷利",,,,,,,,,,,,,,"300660.SZ","2022-12-14",-1.00773,0.0162703,24.36,,
"2247","Company;Indicator",,"宇通客车",,,,,,,,,,,,,,"600066.SH","2022-12-14",0.781611,0,7.8,"新兴综指",
"2408","Company;Indicator",,"西域旅游",,,,,,,,,,,,,,"300859.SZ","2022-12-14",0.797308,0.0562306,37.38,,
"2409","Product",,"旅游客运",,,,,,,,,,,,,,,,,,,,
"2410","Product",,"游船服务",,,,,,,,,,,,,,,,,,,,
"2411","Product",,"索道运输",,,,,,,,,,,,,,,,,,,,
"2412","Demand",,"旅游需求",,,,,,,,,,,,,,,,,,,,
"2488","Product",,"一站式酒店采购平台",,,,,,,,,,,,,,,,,,,,
"2489","Company;Indicator",,"华住",,,,,,,,,,,,,,"HTHT.O","2022-12-13",0.933191,0.0237479,43.54,,
"2490","Product",,"旅游景区",,,,,,,,,,,,,,,,,,,,
"2491","Demand",,"住宿需求",,,,,,,,,,,,,,,,,,,,
"2494","Product",,"旅行团服务",,,,,,,,,,,,,,,,,,,,
"3010","Company;Indicator",,"锦江酒店",,,"于 2021 年度，新开业酒店 1,763 家，开业退出酒店 239 家，开业转筹建酒店 317 家，净增开业酒店 1,207 家，其中直营酒店减少 13 家，加盟酒店增加 1,220 家。 截至 2021 年 12 月 31 日， 已经开业的酒店合计达到 1.1万家，已经开业的酒店客房总数达到 101.9万间，已经签约的酒店规模合计达到1.5万家，已经签约的酒店客房规模合计达到 148.5万间。 ","公司的办公处在中国上海，旗下签约有限服务型连锁酒店分布于中国大陆境内 31 个省、 自治区和直辖市的 335 个地级市及省直属管辖县市，以及中国大陆境外 61 个国家或地区。 ",,"- 2011-2019 年我国酒店业市场规模总体呈逐年增长态势，2014 年增速逐年上升， 到 2017 年开始增速逐年放缓。2019 年我国酒店业销售收入市场规模为 6770 亿元， 同比增长 2.72%。",,"公司的酒店业务有两种分别为中高端酒店和经济型酒店，2021年中高端酒店的平均房价为246.17元/间/晚，经济型酒店为152.75元/间/晚，公司议价权较好",,"公司调整产能难度一般，公司在2021年内净增开业酒店1207家，其中加盟店9692家，直营店921家，共计新增101.9万间客房",,,,"600754.SH","2022-12-14",0.738968,0.0158429,58.99,,
"3011","Company;Indicator",,"首旅酒店",,,,,,,,,,,,,,"600258.SH","2022-12-14",0.898981,0.0244685,25.54,,
"3012","Company;Indicator",,"华天酒店",,,,,,,,,,,,,,"000428.SZ","2022-12-14",0.626479,0.0684211,6.09,,
"3013","Product",,"住宿服务",,,,,,,,,,,,,,,,,,,,
"3014","Company;Indicator",,"金陵饭店",,,,,,,,,,,,,,"601007.SH","2022-12-14",0.806321,0.0690316,11.15,,
"3029","Company;Indicator",,"中国国航",,,,,,,,,,,,,,"601111.SH","2022-12-14",1.16766,0.00511073,11.8,"沪深300",
"3030","Product",,"民用飞机",,,,,,,,,"通用飞机",,,,,,,,,,,
"3031","Product",,"航空汽油",,,,,,,,,,,,,,,,,,,,
"3032","Product",,"航空客运服务",,,,,,,,,,,,,,,,,,,,
"3033","Product",,"航空货运服务",,,,,,,,,,,,,,,,,,,,
"3034","Product",,"机场运营服务",,,,,,,,,,,,,,,,,,,,
"3035","Company;Indicator",,"厦门空港",,,,,,,,,,,,,,"600897.SH","2022-12-14",1.45223,0.00399772,17.58,,
"3036","Company;Indicator",,"白云机场",,,,,,,,,,,,,,"600004.SH","2022-12-14",0.963153,0.014268,16.35,,
"3037","Company;Indicator",,"上海机场",,,,,,,,,,,,,,"600009.SH","2022-12-14",0.80368,0.0184714,60.1,"沪深300",
"3038","Company;Indicator",,"深圳机场",,,,,,,,,,,,,,"000089.SZ","2022-12-14",1.26129,0.00125945,7.95,,
"3039","Company;Indicator",,"北京首都机场股份",,,,,,,,,,,,,,"0694.HK","2022-12-14",1.08883,0.0344234,6.01,,
"3042","Company;Indicator",,"南方航空",,,,,,,,,,,,,,"600029.SH","2022-12-14",0.975222,0.00641026,7.85,"沪深300",
"3043","Company;Indicator",,"中国东航",,,,,,,,,,,,,,"600115.SH","2022-12-14",1.14441,0.00522648,5.77,"沪深300",
"3311","Product",,"机场电力建设服务",,,,,,,,,,,,,,,,,,,,
"3401","Company;Indicator","牛昱","美国航空",,,,"美国",,,"美国最大的航空客运公司，美国航空的机队由近900架飞机组成，每日从芝加哥、达拉斯/沃斯堡、洛杉矶、迈阿密和纽约五大枢纽起飞的航班数量超过了3,500班。美国航空的国际航线接近100条，包括伦敦、马德里、圣保罗、东京和北京等重要城市。",,,,,,,"AAL.O","2022-12-13",-0.643814,-0.00517369,13.46,,
"3402","Company;Indicator","牛昱","美联航",,,,"美国",,,"- 美国第三大航空客运公司，公司由美国联合航空集团与美国大陆航空公司合并而来",,,,,,,"UAL.O","2022-12-13",-0.573819,-0.043448,41.17,,"- 营收中83.9%来源于客运服务"
"3403","Product",,"维修站",,,,,,,,,,,,,,,,,,,,
"3491","Company;Indicator",,"君亭酒店",,,,,,,,,,,,,,"301073.SZ","2022-12-14",0.36081,0.0443775,76.25,,
"3552","Company;Indicator","牛昱","中国中免",,,,"内地经营188家店铺，覆盖29个省市和自治区，超过90个城市，其中海南有5家离岛免税店 在香港澳门和柬埔寨共经营6家境外免税店（4家市内店，2家机场店）",,,"中国唯一一家覆盖全免税销售渠道的零售运营商，涵盖口岸店、离岛店、市内店及其他（邮轮店、机上店和外轮供应店）",,,,,,,"601888.SH","2022-12-14",0.979809,0.0238608,218.84,"沪深300",
"3553","Product","牛昱","免税店",,,,,,,,,,,,,,,,,,,,
"3745","Product",,"空中管制系统软件",,,,,,,,,,,,,,,,,,,,
"3932","Company;Indicator",,"格力地产",,,,,,,,,,,,,,"600185.SH","2022-12-14",2.40364,0.100346,9.54,,
"3934","Company;Indicator",,"王府井",,,,,,,,,,,,,,"600859.SH","2022-12-14",0.793952,0.0259965,29.6,,
"3935","Company;Indicator",,"ST凯撒",,,,,,,,,,,,,,"000796.SZ","2022-12-14",1.58356,0.0505529,6.65,,
"3936","Product",,"港口物流服务",,,,,,,,,,,,,,,,,,,,
"3937","Product",,"时装与皮具",,,,,,,,,,,,,,,,,,,,
"4078","Product",,"汽车客运",,,,,,,,,,,,,,,,,,,,
"4083","Product",,"客运站经营",,,,,,,,,,,,,,,,,,,,
"4296","Company;Indicator",,"万豪国际酒店",,,,,,,,,,,,,,"MAR.O","2022-12-13",0.270749,0.0121618,163.12,,
"4297","Company;Indicator",,"温德姆酒店及度假村",,,,,,,,,,,,,,"WH.N","2022-12-13",-0.126019,-0.000554247,72.13,,
"4692","Company;Indicator",,"松原股份",,,"2021年共生产汽车安全带1411.98万套，气囊2万套，方向盘2.44万套，产销率分别是96.75%、86%和70.08%。","总部位于浙江省宁波市。根据调研资料显示，公司销售业务主要分为国内和海外，而海外业务主要在欧洲、北美、中东等地区，目前每年保持稳定增速，海外业务占整体销售约12%；国外市场主要以特殊座椅安全装置产品为主。",,"2021年，普通安全带：76亿元；电动安全带：380亿元；安全气囊：28.5-171亿元；方向盘：60亿元；儿童座椅安全装置（2020年）：50.8亿元","国内领先的被动安全系统供应商。（汽车被动安全系统通常包含汽车车身结构、汽车安全带总成、安全气囊、转向柱能量吸收装置、安全玻璃等组成，是保障乘员安全的重要汽车组成部分）",,,"产较容易。2022 年公司气囊和方向盘业务营收有望达到 0.36 亿元，总产量或可达到131,219套，扩产9万套以上。安全带方面由于会有全新的产品出现，故难以估量。",,,,"300893.SZ","2022-12-14",-0.657157,0.00946253,26.67,,"万套"
"5329","Company;Indicator",,"南京公用",,,,,,,,,,,,,,"000421.SZ","2022-12-14",0.719054,0.0281426,5.48,,
"6927","Product",,"在线旅行社",,,,,,,,,"OTA",,,,,,,,,,,
"6931","Company",,"亚朵",,,,,,,,,,,,,,"ATAT.O",,,,,,
"6933","Product",,"旅游出行服务",,,,,,,,,,,,,,,,,,,,
"6934","Company;Indicator",,"三特索道",,,,,,,,,,,,,,"002159.SZ","2022-12-14",0.92446,0.0603265,14.94,,
"6935","Company;Indicator",,"黄山旅游",,,,,,,,,,,,,,"600054.SH","2022-12-14",0.931091,0.0293651,12.97,,
"6936","Company;Indicator",,"大连圣亚",,,,,,,,,,,,,,"600593.SH","2022-12-14",0.469046,0.025266,15.42,,
"6937","Company;Indicator",,"云南旅游",,,,,,,,,,,,,,"002059.SZ","2022-12-14",1.04195,0.016624,7.95,,
"6938","Company;Indicator",,"新华联",,,,,,,,,,,,,,"000620.SZ","2022-12-14",-0.456833,-0.0232558,2.94,,
"6939","Company;Indicator",,"天目湖",,,,,,,,,,,,,,"603136.SH","2022-12-14",0.474211,0.0518672,30.42,,
"6940","Company;Indicator",,"张家界",,,,,,,,,,,,,,"000430.SZ","2022-12-14",1.14964,0.0430925,8.23,,
"6941","Company;Indicator",,"长白山",,,,,,,,,,,,,,"603099.SH","2022-12-14",0.880573,0.0286533,10.77,,
"6942","Company;Indicator",,"桂林旅游",,,,,,,,,,,,,,"000978.SZ","2022-12-14",1.23374,-0.00104822,9.53,,
"6943","Company;Indicator",,"峨眉山A",,,,,,,,,,,,,,"000888.SZ","2022-12-14",1.02542,0.0331492,9.35,,
"6944","Company;Indicator",,"曲江文旅",,,,,,,,,,,,,,"600706.SH","2022-12-14",1.05102,0.078125,12.42,,
"6945","Company;Indicator",,"海昌海洋公园",,,,,,,,,,,,,,"2255.HK","2022-12-14",-1.2278,-0.0318471,1.52,,
"6946","Product",,"餐饮服务",,,,,,,,,,,,,,,,,,,,
"6948","Company;Indicator",,"同庆楼",,,,,,,,,,,,,,"605108.SH","2022-12-14",0.976122,0.09994,36.65,,
"6949","Company;Indicator",,"西安饮食",,,,,,,,,,,,,,"000721.SZ","2022-12-14",0.499344,0.099742,12.79,,
"6950","Company;Indicator",,"广州酒家",,,,,,,,,,,,,,"603043.SH","2022-12-14",0.729375,0.0433039,26.02,,
"6951","Product",,"旅游演艺",,,,,,,,,,,,,,,,,,,,
"6952","Company;Indicator",,"宋城演艺",,,,,,,,,,,,,,"300144.SZ","2022-12-14",0.809941,0.0169492,15,,
"6953","Company;Indicator",,"香港中旅",,,,,,,,,,,,,,"0308.HK","2022-12-14",1.34614,-0.0114286,1.73,,
"6954","Company;Indicator",,"中青旅",,,,,,,,,,,,,,"600138.SH","2022-12-14",1.867,0.0533762,16.38,,
"6959","Company",,"岭南控股",,,,,,,,,,,,,,"000524.SZ",,,,,,
"6960","Product",,"客运服务",,,,,,,,,,,,,,,,,,,,
"6961","Company",,"丽江股份",,,,,,,,,,,,,,"002033.SZ",,,,,,
"6962","Product",,"航空保障服务",,,,,,,,,"飞机起降",,,,,,,,,,,