"~id","~labels","name","creator","扩产难度","当前产能","地域","专业性质","规格","市场特点","description","其他性质","updated","别称","report_url","market_scale","product_unit","competitive_condition","backbone"
"396","Product","压缩机",,,,,,,,,,,,,,,,
"613","Product","汽车中控屏","呼庆红","","","","","","","","","2022-04-14T10:03:01.000+0800","",,,,,
"614","Product","汽车空调","呼庆红","","","","","","","","","2022-04-14T10:01:56.000+0800","",,,,,
"615","Product","车身传感器","呼庆红","","","","","","","","","2022-04-14T10:01:05.000+0800","",,,,,
"616","Product","车载扬声器","呼庆红","","","","","","","","","2022-04-14T09:59:57.000+0800","",,,,,
"617","Product","车载导航","呼庆红","","","","","","","","","2022-04-14T09:59:25.000+0800","",,,,,
"618","Product","行车记录仪","呼庆红","","","","","","","","","2022-04-14T09:59:05.000+0800","",,,,,
"619","Product","汽车辅助驾驶系统","呼庆红","","","","","","","","","2022-04-14T09:55:59.000+0800","",,,,,
"620","Product","汽车附属设备","呼庆红","","","","","","","","","2022-04-14T09:57:57.000+0800","","https://quantumgalaxy.feishu.cn/wiki/wikcnnFIz95E22oQ6vSjeAJADwb",,,,
"622","Product","汽车仪表盘","呼庆红","","","","","","","","","2022-04-14T09:51:53.000+0800","",,,,,
"623","Product","座套","呼庆红","","","","","","","","","2022-04-14T09:51:18.000+0800","",,,,,
"624","Product","座垫","呼庆红","","","","","","","","","2022-04-14T09:51:07.000+0800","",,,,,
"625","Product","汽车内饰","呼庆红","","","","","","","","","2022-04-14T09:54:08.000+0800","","https://quantumgalaxy.feishu.cn/wiki/wikcnnFIz95E22oQ6vSjeAJADwb",,,,
"627","Product","汽车座椅头枕","呼庆红","","","","","","","","","2022-04-14T09:50:12.000+0800","",,,,,
"628","Product","汽车座椅扶手","呼庆红","","","","","","","","","2022-04-14T09:50:11.000+0800","",,,,,
"629","Product","汽车座椅","呼庆红","","","","","","","","","2022-04-14T09:50:11.000+0800","",,,,,
"630","Product","汽车座椅总成","呼庆红","","","","","","","","","2022-04-14T09:53:32.000+0800","",,,,,
"631","Product","汽车玻璃","呼庆红","","","","","","","","","2022-04-14T09:47:35.000+0800","",,,,,
"632","Product","车身附件","呼庆红","","","","","","","","","2022-04-14T09:47:58.000+0800","","https://quantumgalaxy.feishu.cn/wiki/wikcnnFIz95E22oQ6vSjeAJADwb",,,,
"633","Product","转向系统","呼庆红","","","","","","","","","2022-04-14T09:46:04.000+0800","",,,,,
"634","Product","盘式制动器","呼庆红","","","","","","","","","2022-04-14T09:40:52.000+0800","",,,,,
"635","Product","鼓式制动器","呼庆红","","","","","","","","","2022-04-14T09:42:45.000+0800","",,,,,
"636","Product","汽车制动器","呼庆红","","","","","","","","","2022-04-14T09:42:22.000+0800","",,,,,
"637","Product","线控制动系统","呼庆红","","","","","","","","","2022-04-14T09:44:12.000+0800","",,,,,
"638","Product","电子驻车制动系统","呼庆红","","","","","","","","","2022-04-14T09:43:48.000+0800","",,,,,
"639","Product","行车制动系统","呼庆红","","","","","","","","","2022-04-14T09:38:54.000+0800","",,,,,
"640","Product","驻车制动系统","呼庆红","","","","","","","","","2022-04-14T09:40:12.000+0800","",,,,,
"641","Product","制动系统","呼庆红","","","","","","","","","2022-04-14T09:38:54.000+0800","","https://quantumgalaxy.feishu.cn/wiki/wikcnnFIz95E22oQ6vSjeAJADwb",,,,
"642","Product","离合器","呼庆红","","","","","","","","","2022-04-14T09:36:23.000+0800","",,,,,
"643","Product","变速器","呼庆红","","","","","","","","","2022-04-14T09:37:19.000+0800","",,,,,
"644","Product","轮毂","呼庆红","","","","","","","","","2022-04-14T09:29:59.000+0800","",,,,,
"645","Product","空气悬挂系统","呼庆红","","","","","","","","","2022-04-14T09:29:04.000+0800","空气悬架",,,,,
"646","Product","车轮","呼庆红","","","","","","","","","2022-04-14T09:30:55.000+0800","",,,,,
"647","Product","传动系统","呼庆红","","","","","","","","","2022-04-14T09:36:23.000+0800","",,,,,
"648","Product","行驶系统","呼庆红","","","","","","","","","2022-04-14T09:28:41.000+0800","",,,,,
"649","Product","汽车底盘系统","呼庆红","","","","","","","","","2022-04-14T09:45:05.000+0800","","https://quantumgalaxy.feishu.cn/wiki/wikcnnFIz95E22oQ6vSjeAJADwb",,,,
"650","Product","门把手","呼庆红","","","","","","","","","2022-04-14T09:23:59.000+0800","",,,,,
"651","Product","进气格栅","呼庆红","","","","","","","","","2022-04-14T09:23:37.000+0800","",,,,,
"652","Product","保险杠","呼庆红","","","","","","","","","2022-04-14T09:22:58.000+0800","",,,,,
"653","Product","车灯","呼庆红","","","","","","","","","2022-04-14T09:21:04.000+0800","",,,,,
"654","Product","汽车外饰","呼庆红","","","","","","","","","2022-04-14T09:25:03.000+0800","","https://quantumgalaxy.feishu.cn/wiki/wikcnnFIz95E22oQ6vSjeAJADwb",,,,
"655","Product","汽车级珠光材料","呼庆红","","","","","","","","","2022-04-14T09:18:49.000+0800","",,,,,
"656","Product","汽车涂料","呼庆红","","","","","","","","","2022-04-14T09:18:24.000+0800","",,,,,
"657","Product","车身覆盖件","呼庆红","","","","","","","","","2022-04-14T09:16:32.000+0800","",,,,,
"658","Product","车身加强件","呼庆红","","","","","","","","","2022-04-14T09:15:52.000+0800","",,,,,
"659","Product","车身结构件","呼庆红","","","","","","","","","2022-04-14T09:15:07.000+0800","",,,,,
"660","Product","汽车骨架","呼庆红","","","","","","","","","2022-04-14T09:19:24.000+0800","","https://quantumgalaxy.feishu.cn/wiki/wikcnnFIz95E22oQ6vSjeAJADwb",,,,
"662","Product","驱动电机","呼庆红","","","","","","","","","2022-04-14T09:11:58.000+0800","",,"根据公司2021年报预测到2025年，扁线电机渗透率将快速提升至90%，届时全球扁线电机需求量将超过2000万台， 国内市场需求约为750万台。  观研报告网发布的资料显示，随着扁线电机在新能源汽车中的推广应用，其在全球的渗透率快速提升，或将从2020年的15%升至2025年的90%，扁线电机市场有望在2021年快速打开，2025年全球的市场规模将达到120.25亿元","台","市占率：比亚迪电机17.93%, 特斯拉电机11.90% 毛利率：大洋电机新能源汽车动力总成系统毛利15.78%，本公司市占率10.42% 销售量：大洋电机2021年新能源汽车动力总成系统销售量为34.5万套 下游客户：比亚迪 特斯拉为整车厂商，驱动电机自用；大洋电机的扁线电机2019年完成开发验证并实现量产，搭载车型包括上汽通用别克英朗车型，别克GL6，雪佛兰沃兰多等 产能规划：大洋电机2021年新能源汽车动力总成系统产能50万套，预计在未来2年内完成3条扁线电机生产线的建设投产工作，并在未来3-4年内将高功率密度扁线电机技术和多合一电驱动总成技术应用在公司80%以上的新能源汽车动力总成系统产品",
"664","Product","氢燃料汽车","呼庆红","","","","","","","","","2022-04-14T09:05:50.000+0800","",,,,,
"665","Product","电动汽车","呼庆红","","","","","","","","","2022-04-14T20:20:02.000+0800","",,,,,"锂离子电池"
"666","Product","汽车发动机","呼庆红","","","","","","","","","2022-04-14T08:59:53.000+0800","",,,,,
"755","Product","轮胎","王泽澎","","","","","","","","","2022-04-14T09:31:28.000+0800","",,,,,
"756","Product","汽车","王泽澎","","","","","","","","","2022-04-14T09:55:36.000+0800","","https://quantumgalaxy.feishu.cn/wiki/wikcnnFIz95E22oQ6vSjeAJADwb","2021年汽车产销量为2608.2/2627.6万辆",,,"钢铁,海运"
"793","Product","新能源汽车","彭昊","","","","","","2021年新能源汽车产销量为354.5/352.1万辆，同比增长超过150%；全年新能源乘用车销售量333.4万辆，同比增长167.5%；中国品牌狭义乘用车累计销量936.6万辆","","","2022-04-14T09:05:51.000+0800","","https://quantumgalaxy.feishu.cn/wiki/wikcnnFIz95E22oQ6vSjeAJADwb","2021年新能源汽车产销量为354.5/352.1万辆",,,
"794","Product","动力锂电池","彭昊","","","","","","","","","2022-04-03T21:29:54.000+0800","","https://quantumgalaxy.feishu.cn/wiki/wikcnijeO8qHDegzsa3XUlVpXXe",,,,"锂离子电池"
"835","Product","钢材","呼庆红","","","","","","","","","2022-04-14T10:47:29.000+0800","成型钢材","https://quantumgalaxy.feishu.cn/wiki/wikcnSH6OaRZv50RTjbuvbYWgob","2021年汽车行业钢材消费量为5450万吨，同比增长0.9%。","吨","物产中大集团股份有限公司是主营业务是供应链集成服务。主要产品是供应链集成服务、金属材料、化工、整车及后服务、煤炭、金融服务、高端实业、线缆制造、热电联产。公司自2011年起连续入围《财富》世界500强，是中国供应链集成服务引领者，是浙江省省属特大型国有控股企业集团，是国内同行中唯一入选高盛新漂亮50的上市公司。  物产中大和福然德公司都有金属材料供应链集成服务，但物产中大除以供应链为主体外，还以金融与高端实业为两翼，围绕产业生态不断前行。收入结构：供应链集成服务占比95%，其中金属材料业务收入占比近半；毛利构成看：供应链贡献毛利的63%，其中物产金属贡献最大毛利来源（21.4%），金融服务及高端实业合计贡献约四分之一；毛利率看：公司整体毛利率2.7%，供应链业务毛利率1.8%，金融服务18.4%、高端实业16.8%。近年来高速增长的金融服务与高端实业板块可视为公司打造供应链+产业生态圈的重要抓手。","钢铁"
"1418","Product","新能源汽车热管理系统",,,,,,,,,,,,,,,,
"1585","Product","配电网",,,,,,,,,,,,"https://quantumgalaxy.feishu.cn/wiki/wikcnPQNJpbPkEPYOIJGfcaJ5nf",,,,"电力"
"1742","Product","车身装饰件",,,,,,,,,,,,,,,,
"2219","Product","冷凝器",,,,,,,,,,,,,,,,
"2250","Product","充电桩",,,,,,,,,,,,,,,,
"3343","Product","汽车热管理系统",,,,,,,,,,,,,,,,
"4034","Product","电源",,,,,,,,,,,,,,,,
"4280","Product","机油泵",,,,,,,,,,,,,,,,
"4463","Product","水泵",,,,,,,,,,,,,,,,
"4693","Product","汽车方向盘",,,,,,,,,,,,,,,,
"4695","Product","安全带总成",,,,,,,,,,,,,,,,
"5173","Product","IGBT模块",,,,,,,,,,,,,,,,"半导体"
"5508","Product","功率模块",,,,,,,,,,,,,,,,"电力,半导体"
"5920","Product","油冷器",,,,,,,,,,,,,,,,
"5992","Product","汽车转向器",,,,,,,,,,,,,,,,
"6605","Product","应急制动系统",,,,,,,,,,,,,,,,
"6606","Product","辅助制动系统",,,,,,,,,,,,,,,,
"6607","Product","万向节",,,,,,,,,,,,,,,,
"6608","Product","传动轴",,,,,,,,,,,,,,,,
"6609","Product","汽车车身",,,,,,,,,,,,,,,,
"6610","Product","复合材料",,,,,,,,,,,,,,,,
"6611","Product","汽车车门",,,,,,,,,,,,,,,,
"6612","Product","安全带",,,,,,,,,,,,,,,,
"6613","Product","雨刮器",,,,,,,,,,,,,,,,
"6614","Product","安全气囊",,,,,,,,,,,,,,,,
"6615","Product","燃油车",,,,,,,,,,,,,,,,
"6616","Product","发动机燃油系统",,,,,,,,,,,,,,,,
"6617","Product","发动机润滑系统",,,,,,,,,,,,,,,,
"6618","Product","发动机冷却系统",,,,,,,,,,,,,,,,
"6619","Product","汽油表",,,,,,,,,,,,,,,,
"6620","Product","汽油泵",,,,,,,,,,,,,,,,
"6621","Product","汽油箱",,,,,,,,,,,,,,,,
"6622","Product","机油表",,,,,,,,,,,,,,,,
"6623","Product","限压阀",,,,,,,,,,,,,,,,
"6624","Product","散热器",,,,,,,,,,,,,,,,
"6625","Product","节温器",,,,,,,,,,,,,,,,
"6626","Product","混合动力车",,,,,,,,,,,,,,,,
"6627","Product","汽车动力热管理系统",,,,,,,,,,,,,,,,
"6628","Product","汽车空调热管理系统",,,,,,,,,,,,,,,,
"6629","Product","燃油车热管理系统",,,,,,,,,,,,,,,,
"6630","Product","变速箱冷却系统",,,,,,,,,,,,,,,,
"6631","Product","热力旁开阀",,,,,,,,,,,,,,,,
"6632","Product","进排气冷却系统",,,,,,,,,,,,,,,,
"6633","Product","中冷器",,,,,,,,,,,,,,,,
"6634","Product","ERG冷却器",,,,,,,,,,,,,,,,
"6635","Product","新能源车制冷系统",,,,,,,,,,,,,,,,
"6636","Product","新能源车制热系统",,,,,,,,,,,,,,,,
"6637","Product","电池冷却系统",,,,,,,,,,,,,,,,
"6638","Product","电机冷却系统",,,,,,,,,,,,,,,,
"6639","Product","电控冷却系统",,,,,,,,,,,,,,,,
"6640","Product","冷却液泵",,,,,,,,,,,,,,,,
"6641","Product","冷却风扇",,,,,,,,,,,,,,,,
"6642","Product","膨胀水箱",,,,,,,,,,,,,,,,
"6643","Product","PTC加热器",,,,,,,,,,,,,,,,
"6644","Product","热泵",,,,,,,,,,,,,,,,
"6645","Product","电源系统",,,,,,,,,,,,,,,,
"6646","Product","电力驱动系统",,,,,,,,,,,,,,,,
"6647","Product","能量管理系统",,,,,,,,,,,,,,,,
"6648","Product","车载充电机",,,,,,,,,,,,,,,,
"6649","Product","直流电",,,,,,,,,,,,,,,,
"6650","Product","交流电",,,,,,,,,,,,,,,,
"6651","Product","直流充电桩",,,,,,,,,,,,,,,,
"6652","Product","交流充电桩",,,,,,,,,,,,,,,,
"6653","Product","汽车照明系统",,,,,,,,,,,,,,,,
"6654","Product","汽车信号系统",,,,,,,,,,,,,,,,
"6655","Product","蜂鸣器",,,,,,,,,,,,,,,,