"~id","~labels","name","creator","report_url","backbone","当前产能","地域","专业性质","市场特点","description","规格","别称","扩产难度","其他性质","updated","unit","code","market_scale","sell_pattern","product_unit","product_spec","competitive_condition","datadate","stdchg1m","chgrate1d","value","stdchg3m"
"27","Product","物流服务",,,,,,,,,,,,,,,,,,,,,,,,,
"61","Product","粮食","王泽澎","https://quantumgalaxy.feishu.cn/wiki/wikcntRUqMUkQGRMkJFjMDRpZuh",,,,,,,,,,,,,,,,,,,,,,,
"164","Product","集装箱","杨丹","https://quantumgalaxy.feishu.cn/wiki/wikcnSeYIk2gWZqaihvDJzXpROb","'钢铁'",,,,,,,,,,,,,,,,,,,,,,
"518","Product","矿产","呼庆红","https://quantumgalaxy.feishu.cn/wiki/wikcnZzMPYxfhtDyvurJuxtS6vl",,"","","","","","","","","","2022-04-25T09:54:02.000+0800",,,,,,,,,,,,
"531","Product","成品油","彭昊",,"'石油化工', '石油天然气'","","","","","","","","","","2022-04-21T15:24:27.000+0800","吨",,,,,,,,,,,
"756","Product","汽车","王泽澎","https://quantumgalaxy.feishu.cn/wiki/wikcnnFIz95E22oQ6vSjeAJADwb","'钢铁'","","","","","","","","","","2022-04-14T09:55:36.000+0800",,"None","2021年汽车产销量为2608.2/2627.6万辆",,,,,,,,,
"792","Product","原煤","张子萱","https://quantumgalaxy.feishu.cn/wiki/wikcnZzMPYxfhtDyvurJuxtS6vl","'煤炭'","- 全球煤炭总共产能在90亿吨左右，中国煤炭需求量基本占了全球的一半，每年需求45亿吨左右。 - 中国原煤产能在40亿吨左右，进口3-5亿吨。（以上数据为估算，没有确切数字的统计）其中动力煤在10几亿吨。","- 中国的煤炭资源存在严重的空间错配 ，产煤地区多集中在中部、西部，用煤地区多集中在东南地区。2018 年，我国超过 10 亿吨的产煤省份有山西、内蒙古及陕西(三西地区)，全部位于中西部地区。而东部、 南部耗煤大省的煤炭产量却均不到 2 亿吨。 - 总体空间调度是“由东向西”和“由南到北 ”。 - 煤炭资源在我国是“铁水联运 ”。全国煤炭外调量的四分之三都来自“三西”地区，该区煤炭通常先铁路运输直达环渤海港口，再从港口下海水运至东南地区。 大秦线和神朔黄线依然是我国煤炭运输的两条最重要的铁路。","","","","- 年度长协：大型煤企多采用长协价格，以锁定优质终端用户市场。定价方式为“基准价+浮动价” - 月度长协 - 现货","","- 完全开新矿比较困难，以为未来国家计划减少煤炭占比，政策通过不是很容易 - 产能利用率提高比较容易，数据按周度更新，例：截至 2 月 27 日 内蒙古样本煤矿(90 处，总产能 6.3 亿吨)产能利用率 91.5%，环比上周升 4.44 个 pct 陕西省样本煤矿(49 处，总产能 3.3 亿吨)产能利用率 94.7%，环比上周升 2.24 个 pct 三省样本煤矿(442 处，总产能 15.5 亿吨)产能利用率 86.9%，环比上周升 3.02 个 pct - 全球供需格局调整需要半年左右，例：此前中国制裁澳大利亚，不再购买澳大利亚的煤炭，半年后澳大利亚煤炭出口再次恢复正常，客户增加了日本和韩国（来自进门财经路演） - 港口吞吐量、运费也按周更新","","2022-04-25T09:48:13.000+0800",,,"2022年上半年，煤炭保供政策有力推进，生产原煤21.9亿吨，同比增长11.0%。","直销","吨","优质煤、末煤<13mm 优小块13-25mm 优中块25-80mm 优大块80-120mm","据营收情况分为三大梯队",,,,,
"832","Product","原油","呼庆红","https://quantumgalaxy.feishu.cn/wiki/wikcnZzMPYxfhtDyvurJuxtS6vl","'石油化工', '石油天然气'","原油和凝析油的2019年产量约为8300万桶/天，按照2010-2019年的数据推算，约每年增加100万桶/天的产量。预计其中超过三分之二为原油。","沙特、伊拉克、俄罗斯","","定价单位：元/吨；元/桶，1吨（原油）=7.389桶（原油） 常见合约形式：年度合约（价格和数量是提前几个月敲定），及现货市场 价格种类及区别（市场价/期货价/不同产地的价格，有何区别）： 三个重要的原油期货合约主要有纽约商业交易所的轻质低硫原油即“西德克萨斯中质油”期货合约（WTI）、伦敦国际石油交易所的布伦特原油期货合约（BTENT），新加坡交易所的迪拜酸性原油期货合约。 五大现货市场：北欧（包括西北欧鹿特丹和伦敦，靠近码头和炼油厂）、地中海（接近黑海，同时附近有炼油厂）、加勒比海市场（较小）、新加坡市场（地处波斯湾至日本航线的中间）、美国（主要是在临墨西哥湾的休斯顿、大西洋的波特兰港和纽约港）","  h5. 从地下天然油藏直接开采得到的液态碳氢化合物或其天然形式的混合物，通常是流动或半流动的粘稠液体。","","","","石油主要被炼化用来作为成品油，广泛用于机动车、船、飞机等领域，占比达到60%左右；部分成分被用于生产树脂、橡胶、纤维等生活材料，占比约为15%；还有部分重质油被炼化生产石蜡、沥青、焦炭等，用于建筑、基建等领域，占比达到19%。","2022-04-27T12:09:53.000+0800",,,,,,,,,,,,
"833","Product","液化天然气","呼庆红","https://quantumgalaxy.feishu.cn/wiki/wikcn6JNhxWnoEous7EpfNEPUzb",,"","","","","","","LNG","","","2022-04-03T10:51:46.000+0800",,,,,,,,,,,,
"1098","Product","货轮",,"https://quantumgalaxy.feishu.cn/wiki/wikcnSeYIk2gWZqaihvDJzXpROb",,"产能数字：每年9500万载重吨以上，最高可达1亿载重吨/年。","中、日、韩三国是货轮的主要生产区域。",,"市场空间数字： 2021 年，我国完成船舶修理改装项目共 7731 艘，占全球修船总量的 43.2%；根据中国船舶工业行业协会预测，2022 全球新船成交量将达到 9,000 万载重吨左右。（中国一般占全球市场一半，即4,500 万载重吨左右）","货轮，按照运载货物的种类，分为干散货船、集装箱船、油轮及LNG船三种。","1载重吨（新船）的价格大约在400美元左右。二手船价格不等，多为200-300美元/吨。计算得到万吨级巨轮大约价格为400万美元；20万吨的散货船价格为8千万美元。",,"中国的造船行业是处于快速增长状态，2018-2021年3年间，造船完工量增长693万载重吨每年。 需求充足的前提下，造船厂商具有一定的调整产量的能力，而具体的调整幅度受在手订单量影响",,,,,,,,,,,,,,
"1099","Product","LNG船",,,,,,,,,,,,,,,,,,,,,,,,,
"1101","Product","散货船",,,,,,,,,,,,,,,,,,,,,,,,,
"1103","Product","VLCC 型油轮",,,,,,,,,,,,,,,,,,,,,,,,,
"1104","Product","苏伊士型油轮",,,,,,,,,,,,,,,,,,,,,,,,,
"1105","Product","阿芙拉型油轮",,,,,,,,,,,,,,,,,,,,,,,,,
"1106","Company;Indicator","中国船舶",,"https://quantumgalaxy.feishu.cn/docs/doccn50z0EbNruxbcNnXCw44txd#BSjWvE",,"公司全年完工交付民品船舶 71 艘/591.74 万载重吨；公司全年修理完工船舶 310 艘/20.91 亿元；完工柴油机 577 台/466 万马力；子公司中船澄西共交付风塔 520 套，其他机电设备完工产值共 23.27 亿元；交付海工项目 3 座平台。","主要生产基地：    上海的江南造船、外高桥造船、中船动力公司    广州的广船国际公司、江苏的中船澄西公司  产品销售地（营收按地区分）： 国内营收占比为60.28%、欧洲18.80%、亚洲11.91%、美洲4.68%。",,"市占率：按吨载数计算，中国船舶造船完工量占国内14.91%、承接新船订单占18.1%、手持船舶订单占20.8%。主要竞争者有中国重工","公司系国内规模最大、技术最先进、产品结构最全的造船旗舰上市公司之一，中国船舶制造行业龙头。 ","简要结论：同型号主船型售价参考：(75/77KDWT)巴拿马型号散货船23,760万元，(73-75KDWT)巴拿马型号油轮33,990万元，(6600-6800TEU)巴拿马型号集装箱船96,690万元。议价权较高。",,"船厂7年建设，有产能172.8万修正总吨、662万载重吨、约42艘船舶。",,,,"600150.SH",,,,,,"2022-09-23",-0.0687394,-0.0205377,26.23,
"1108","Company","大宇造船",,,,,,,,,,,,,,,,,,,,,,,,,
"1110","Company;Indicator","中远海控",,,,,,,,,,,,,,,"1919.HK",,,,,,"2022-09-23",-1.44757,-0.040795,9.17,-0.702092
"1112","Company","马士基航运",,,,,,,,,,,,,,,,,,,,,,,,,
"1113","Product","码头运营",,,,,,,,,,,,,,,,,,,,,,,,,
"1115","Company;Indicator","招商轮船","程湛","https://quantumgalaxy.feishu.cn/docs/doccnyuuwPJo2pFhEStZJsy3cyd#",,"公司的主要业务是油气和干散货、集装箱等运输服务，因此其产能可以通过运力进行阐明。 1.油轮：公司拥有 100%权益的92.1万吨 VLCC 油轮 51 艘（不含订单及租入船），落实定造 1 艘 11.5 万吨级后共有5艘Aframax 油轮。 2.干散货：随着 32.5 万吨 VLOC 现有项目 6艘新船全部交付，公司运营管理 VLOC 船队达到 37 艘（含代管 3 艘），船队规模稳居世界第一。 3.LNG：公司参股的CLNG自有LNG油轮21艘，总载重量达到165.56万吨。 4.集装箱：公司自有船舶 16 艘、租赁船舶 13 艘，控制运力 59.77 万载重吨、集装箱 4.37万 TEU（国际标准箱单位）船队运力排名全球第 31名，在中国内地班轮公司中排名第 6。 5.滚装船：公司自有滚装船23艘，总载重量达到8.68万吨。2021年公司完成汽车运量 123.78 万辆，比 2020 年上升 12%，其中沿海与长江分别完成 77.19万辆和 46.59 万辆，同比上升 16%和 7%。","由于公司的产品是油品，LNG，干散货等运输服务，因此从公司运输航线的角度对产销地进行阐述。且除集装箱运输以及滚装船运输外，公司未批露具体航线，可参考国际原油，LNG运输以及干散货运输市场情况： 1.油轮运输：航线主要集中在欧美地区，全球原油需求西强东弱格局导致跨区价差拉大，由西向东的贸易流向受阻，西部长航线货源减少。 2.干散货运输：公司优化调整航线，开拓了国内沿海至南美新航线，形成了“西非、澳新、南美”三大主流航线的新格局，提升了干散货船队贯通两洋的经营能力。 3.LNG运输：航线主要集中在东北亚地区国家，如中国、日本、印度、韩国以及其他新兴经济体。 4.滚装船运输：航线主要集中在国内东南沿海和长江地区。 5.集装箱运输：公司集运业务目前服务网络覆盖中国大陆至日本、澳洲、韩国、菲律宾、越南、中国台湾、中国香港等国家和地区的多条集装箱班轮航线。公司优化航线设置，根据货物流量匹配最优运力，开辟日本关东-上海-厦门-胡志明航线，调整华北关东航线运力配置，升级江苏韩国航线船舶，增补菲律宾航线加班船，多措并举保障航线服务。",,"在运力规模方面：2021 年全球船队运力规模总体可控，油轮总体增速降至 1.7%，干散货船和集装箱运力总体增速放缓至 3.5%。苏伊士运河搁浅事件以及疫情带来的压港使得集装箱和干散货船市场有效运力供给减少。  在油运需求方面：2021 年一季度受新冠疫情持续影响，全球原油需求复苏缓慢，迭加 OPEC+执行限产保价策略，全球原油市场供需不旺，油运市场供需严重失衡，运价屡创新低，跌至近 20 年以来最低位 (3 月 TD3C中东/中国航线理论 TCE 跌至-5,800 美元/天）。国际货币基金组织IMF指出，考虑到2022 年处于疫情后修复阶段，预计2022 年全球原油需求增速将从3.08%下滑至2.52%，对应2022 年原油需求增量为250 万桶/日，下调了60 万桶/日。","公司核心业务主要是国际油轮（包括 LNG 船）和国际干散货运输，其他船队（集装箱、滚装运输）有机补充，专注于国际货物运输、业务有限相关多元的专业航运公司，其中VLOC（超大型矿砂船）37艘和VLCC（超大型油轮） 51 艘，VLCC和VLOVC船队规模居世界第一。","公司未对其运输服务的平均实现价格进行披露，因此本问题参考国际价格。公司在内贸方面议价权较强，在整个外贸部分议价权一般。，克拉克森22年6月对2022年全球海运贸易增速的预测下调至1.6%（以吨计）（这低于年初预测值：3.5%，也低于2.2%的近10年平均值；海运贸易量预计在2022年达到 122亿吨）。克拉克森海运指数超过40,000美金/天，并连续创下自金融危机后的最高纪录（5月20日为44,357美金/天）。",,"公司调整产量可以通过提升船队的经营规模提升船队运力，如续建多用途船，新建 Aframax 油轮项目、加装脱硫塔项目和新建LNG 船项目、新造集装箱船项目等方式进行。 30万吨VLCC油轮和80万吨Aframax油轮两年交付6艘和3艘；6.2万吨散货船2-3年交付4艘；2-3年3800车位滚装船交付2艘；1100TEU和2400TEU左右集装箱船两年交付各四艘。",,,,"601872.SH",,,,,,"2022-09-23",-0.0626219,-0.0489596,7.77,0.752048
"1116","Company","商船三井",,,,,,,,,,,,,,,,,,,,,,,,,
"1117","Company","日本邮船",,,,,,,,,,,,,,,,,,,,,,,,,
"1118","Company","川崎汽船",,,,,,,,,,,,,,,,,,,,,,,,,
"1119","Product","干散货航运",,"https://quantumgalaxy.feishu.cn/wiki/wikcnSeYIk2gWZqaihvDJzXpROb",,,,,,,,,,,,,,,,,,,,,,,
"1120","Product","集装箱航运",,"https://quantumgalaxy.feishu.cn/wiki/wikcnSeYIk2gWZqaihvDJzXpROb",,,,,,,,,,,,,,,,,,,,,,,
"1122","Product","油气航运",,"https://quantumgalaxy.feishu.cn/wiki/wikcnSeYIk2gWZqaihvDJzXpROb",,,,,"2021年全球海运石油贸易量为27.92亿吨，其中原油海运贸易量为18.29亿吨，成品油海运贸易量为9.62亿吨。从运力来看，2021年全球油轮船队总运力达6.42亿载重吨，其中，原油轮运力为4.28亿载重吨，成品油轮为1.74亿载重吨。",,,,,,,,,,,,,,,,,,
"1125","Company;Indicator","中远海能","彭昊","https://quantumgalaxy.feishu.cn/docs/doccnQRF2WbFKuCT9TBVmi55BNe#",,"公司的主要业务是油品和LNG的运输服务，因此其产能可以通过运力进行阐明。公司目前拥有油轮（含租入、合营及联营公司）共计180艘，载重合计2606万载重吨；拥有LNG轮共计38艘，载重合计642万立方米。","CN, VLCC","公司的外贸油运业务根据船型的不同，所布局的航线略有差别","内贸油品运输板块，2021年沿海省际原油运输量为7700万吨，成品油运输量为8100万吨。 外贸油品运输板块，2021年全球原油海运量约为18.35亿吨。 LNG运输板块，2021年LNG海运量达到3.91亿吨。",,,,"公司调整产量可通过租船和委托造船两种方式，一般来说委托建造一艘VCLL（20万吨以上）的油轮从建造到最后交付本公司投入使用需要1-2年的时间。","公司外贸油运路线参考国际主要油品路线",,,"600026.SH",,,,,,"2022-09-23",0.687526,-0.0449438,18.7,1.37019
"1128","Company","Delek Logistics Partners",,,,,,,,,,,,,,,,,,,,,,,,,
"1130","Company","巴哈马超级石油海运",,,,,,,,,,,,,,,,,,,,,,,,,
"1132","Product","海运保险",,,,,,,,,,,,,,,,,,,,,,,,,
"1133","Company","地中海航运",,,,,,,,,,,,,,,,,,,,,,,,,
"1135","Company","达飞航运",,,,,,,,,,,,,,,,,,,,,,,,,
"1141","Company;Indicator","中集集团",,,,,,,,,,,,,,,"000039.SZ",,,,,,"2022-09-23",-0.290747,-0.00404313,7.39,
"1142","Company","新华昌集团",,,,,,,,,,,,,,,,,,,,,,,,,
"1144","Company;Indicator","UPS",,,,,,,,,,,,,,,"UPS.N",,,,,,"2022-09-23",-1.6588,0,167.86,
"1290","Company;Indicator","TORM","彭昊","https://quantumgalaxy.feishu.cn/docs/doccn9agyZvcctwkWKFKq9LeOhc",,"截至2021年12月31日，Torm运营着一支由84艘船组成的船队，由64艘自有船只、20艘租入和回租船只组成。","瑞士和墨西哥分别占TORM收入的23%和16%；公司自身是英国公司，在英国、丹麦、孟买(印度)、新德里(印度)、马尼拉(菲律宾)、宿务(菲律宾)、新加坡(新加坡)和休斯顿(美国得克萨斯州)都设有办事处","公司不生产船舶，只采购船舶。 公司提供产品即成品油邮轮服务。","克拉克森（其海运市场研究数据业内比较公认）4月上调2022年成品油轮需求增速至13.6%。2021年全球油轮船队总运力达6.42亿载重吨，其中成品油轮为1.74亿载重吨。",,,,"TORM2017年拥有100万载重吨，2021年末拥有513万载重吨。每年大约增加103万载重吨（假设公司一直致力于扩产）。调整产能方式是直接购买船舶，有购买现成旧船和下订单造新船（需要等待船制造好）两种方式，自己不生产船舶。","成品油轮市场正处于紧张状态，一方面俄乌冲突导致从美湾和苏伊士运河以东到欧洲的长距离航程增加，以取代因制裁而缺失的俄罗斯石油，且这种情况预计将持续下去。欧盟对俄罗斯石油的依赖将减少，这将推高吨海里需求。另一方面全球燃料需求已回升至疫情前的水平，但发达国家炼油商产能不足，加剧了柴油和汽油价格高企和短缺问题。全球成品油库存创历史新低，有利支撑成品油油轮的利用率和收益。",,,"TRMD.O",,,,,,"2022-09-23",0,0,21.26,
"1389","Company;Indicator","Ardmore",,,,,,,,,,,,,,,"ASC.N",,,,,,"2022-09-23",-0.248036,-0.112512,9.15,
"1392","Company;Indicator","Frontline",,"https://quantumgalaxy.feishu.cn/docs/doccnyIEasEUspBJidT24BSbqBe",,"2021年公司船队由70艘船组成，总运力约为1270万吨。2021年承运油轮66艘，占总船数的94.3%","从油轮运营航线表示： - VLCC：中东海湾→远东、北欧、加勒比海和路易斯安那州海上石油港(LOOP) - 苏伊士型油轮：大西洋盆地、中东和东南亚之间运输。 - LR2/Aframax型油轮：在世界各地的大型炼油中心之间交易，包括墨西哥湾、中东、鹿特丹和新加坡。",,"市占率：全球市占率为1.9%。 竞争对手：中远海能、招商轮船","全球最大的油轮运输公司之一，总部位于百慕大汉密尔顿，主要业务是运输原油和成品油。","2021年平均TCE分别为：VLCC 22700美元/天，苏伊士型油轮 12000美元/天，LR2 11800美元/天。公司议价权较强。","前线海运","产能调整不容易，增加运力的方式包括购买和租赁油轮，一艘载重吨位在20万-32万吨的VLCC船在1~2年左右交付，但实际运量与原油市场供需情况有关。近两年公司的总运力配置变化在100万吨内波动。",,,,"FRO.N",,,,,,"2022-09-23",0.048382,-0.0612403,12.11,
"1505","Company;Indicator","中国重工",,,,,,,,,,,,,,,"601989.SH",,,,,,"2022-09-23",-0.312776,0,3.65,
"1836","Product","LR2型油轮",,,,,,,,,,,,,,,,,,,,,,,,,
"1837","Product","LR1型油轮",,,,,,,,,,,,,,,,,,,,,,,,,
"1933","Company;Indicator","GOLAR海运",,"https://quantumgalaxy.feishu.cn/docs/doccncbS0DTNn5DaSYGuNYGKoXd",,,,,,,,,,,,,"GLNG.O",,,,,,"2022-09-23",-1.27601,-0.0752265,23.48,
"2357","Company","迈尔造船厂",,,,,,,,,,,,,,,,,,,,,,,,,
"3550","Company;Indicator","FEDEX",,,,,,,,,,,,,,,"FDX.N",,,,,,"2022-09-23",-1.85566,-0.033713,149.33,
"4922","Company;Indicator","Scorpio Tankers",,,,,,,,,,,,,,,"STNG.N",,,,,,"2022-09-23",0.378411,0,44.4,
"4923","Product","原油航运",,,,,,,,,,,,,,,,,,,,,,,,,
"4925","Product","成品油航运",,,,,,,,,,,,,,,,,,,,,,,,,
"5037","Product","集装箱船",,,,,,,,,,,,,,,,,,,,,,,,,
"5170","Product","滚装船航运",,,,,,,,,,,,,,,,,,,,,,,,,
"5189","Product","滚装船",,,,,,,,,,,,,,,,,,,,,,,,,
"5190","Product","制成商品",,,,,,,,,,,,,,,,,,,,,,,,,
"5311","Product","海运服务",,,,,,,,,,,,,,,,,,,,,,,,,
"5324","Product","MR型油轮",,,,,,,,,,,,,,,,,,,,,,,,,
"6061","Product","原油油轮",,,,,,,,,,,,,,,,,,,,,,,,,
"6062","Product","成品油油轮",,,,,,,,,,,,,,,,,,,,,,,,,
"6063","Product","LNG航运",,,,,,,,,,,,,,,,,,,,,,,,,