"~id","~labels","name","市场特点","creator","当前产能","扩产难度","地域","专业性质","description","规格","其他性质","updated","别称","report_url","market_scale","product_unit","product_spec","nick_name","sell_pattern","backbone","competitive_condition"
"15","Product","合成氨",,,,,,,,,,,,,,,,,,,
"21","Product","甲醇","市场空间数字： 2020年我国甲醇行业产量为6357万吨，表观需求量为7639万吨，供需缺口较大，依赖进口。",,,,,,,,,,,,,,,,,,
"22","Product","二甲醚",,,,,,,,,,,,,,,,,,,
"170","Product","热力",,"杨丹",,,,,,,,,,,,,,,,,
"213","Technique","鼓风炉熔炼",,,,,,,,,,,,,,,,,,,
"426","Product","煤炭资源",,,,,,,,,,,,,,,,,,,
"465","Product","醋酸","醋酸： 市场空间数字： 2021年我国醋酸产能为1010万吨，产量为751万吨，产量同比增长6.87%，产能转化率为74.36%。",,,,,,,,,,,,,,,,,,
"687","Product","尿素","","彭昊","","","","","","","","2022-04-04T15:04:22.000+0800","",,,,,,,,
"743","Technique","火力发电","","张子萱","","","","","","","","2022-04-08T15:33:50.000+0800","火电","https://quantumgalaxy.feishu.cn/wiki/wikcnPQNJpbPkEPYOIJGfcaJ5nf",,,,,,,
"745","Product","动力煤","","张子萱","","","","","","","","2022-04-26T20:41:01.000+0800","","https://quantumgalaxy.feishu.cn/wiki/wikcnv0xFXfhVPAZ5Loc0V2DPeh","2022年市场空间预计为37.4亿吨。","吨","公司主要产品是动力煤原煤，优质煤、末煤<13mm 优小块13-25mm 优中块25-80mm 优大块80-120mm",,,,
"747","Product","煤矿用设备","","张子萱","","","","","","","","2022-04-08T15:35:12.000+0800","","https://quantumgalaxy.feishu.cn/wiki/wikcnv0xFXfhVPAZ5Loc0V2DPeh",,,,,,,
"777","Product","粗钢","","王泽澎","","","","","","","","2022-04-03T22:40:24.000+0800","","https://quantumgalaxy.feishu.cn/wiki/wikcn6m75MCjm79PyuVXQ3mUvbg",,,,,,,
"781","Product","焦炭","","王泽澎","","","","","","","","2022-04-04T08:26:21.000+0800","","https://quantumgalaxy.feishu.cn/wiki/wikcnv0xFXfhVPAZ5Loc0V2DPeh",,,,,,,
"782","Product","炼焦煤","","王泽澎","","","","","","","","2022-04-04T09:53:01.000+0800","","https://quantumgalaxy.feishu.cn/wiki/wikcnv0xFXfhVPAZ5Loc0V2DPeh",,"吨"," 低硫优质主焦煤 （没有找到具体的数字信息）","冶炼精煤",,,
"783","Product","生铁","","王泽澎","","","","","","","","2022-04-03T22:29:06.000+0800","","https://quantumgalaxy.feishu.cn/wiki/wikcn6m75MCjm79PyuVXQ3mUvbg",,,,,,,
"791","Product","铁矿石","","王泽澎","","","","","","","","2022-04-03T22:10:47.000+0800","","https://quantumgalaxy.feishu.cn/wiki/wikcn6m75MCjm79PyuVXQ3mUvbg",,,,,,,
"792","Product","原煤","","张子萱","- 全球煤炭总共产能在90亿吨左右，中国煤炭需求量基本占了全球的一半，每年需求45亿吨左右。 - 中国原煤产能在40亿吨左右，进口3-5亿吨。（以上数据为估算，没有确切数字的统计）其中动力煤在10几亿吨。","- 完全开新矿比较困难，以为未来国家计划减少煤炭占比，政策通过不是很容易 - 产能利用率提高比较容易，数据按周度更新，例：截至 2 月 27 日 内蒙古样本煤矿(90 处，总产能 6.3 亿吨)产能利用率 91.5%，环比上周升 4.44 个 pct 陕西省样本煤矿(49 处，总产能 3.3 亿吨)产能利用率 94.7%，环比上周升 2.24 个 pct 三省样本煤矿(442 处，总产能 15.5 亿吨)产能利用率 86.9%，环比上周升 3.02 个 pct - 全球供需格局调整需要半年左右，例：此前中国制裁澳大利亚，不再购买澳大利亚的煤炭，半年后澳大利亚煤炭出口再次恢复正常，客户增加了日本和韩国（来自进门财经路演） - 港口吞吐量、运费也按周更新","- 中国的煤炭资源存在严重的空间错配 ，产煤地区多集中在中部、西部，用煤地区多集中在东南地区。2018 年，我国超过 10 亿吨的产煤省份有山西、内蒙古及陕西(三西地区)，全部位于中西部地区。而东部、 南部耗煤大省的煤炭产量却均不到 2 亿吨。 - 总体空间调度是“由东向西”和“由南到北 ”。 - 煤炭资源在我国是“铁水联运 ”。全国煤炭外调量的四分之三都来自“三西”地区，该区煤炭通常先铁路运输直达环渤海港口，再从港口下海水运至东南地区。 大秦线和神朔黄线依然是我国煤炭运输的两条最重要的铁路。","","","- 年度长协：大型煤企多采用长协价格，以锁定优质终端用户市场。定价方式为“基准价+浮动价” - 月度长协 - 现货","","2022-04-25T09:48:13.000+0800","","https://quantumgalaxy.feishu.cn/wiki/wikcnZzMPYxfhtDyvurJuxtS6vl","2022年上半年，煤炭保供政策有力推进，生产原煤21.9亿吨，同比增长11.0%。","吨","优质煤、末煤<13mm 优小块13-25mm 优中块25-80mm 优大块80-120mm",,"直销","'煤炭', '煤炭1'","据营收情况分为三大梯队"
"870","Technique","洗选工艺",,"张子萱",,,,," 一般来说，选煤厂由以下主要工艺组成： （1）原煤准备：包括原煤的接受、储存、破碎和筛分。 （2）原煤的分选：国内的主要分选工艺包括跳汰-浮选联合流程；重介-浮选联合流程；跳汰-重介-浮选联合流程；块煤重介-末煤重介旋流器分选流程；此外还有单跳汰和单重介流程。 （3）产品脱水：包括块煤和末煤的脱水，浮选精煤脱水，煤泥脱水。 （4）产品干燥：利用热能对煤进行干燥，一般在比较严寒的地区采用。 （5）煤泥水的处理。",,,"2022-04-04T08:35:15.000+0800",,"https://quantumgalaxy.feishu.cn/wiki/wikcnv0xFXfhVPAZ5Loc0V2DPeh",,,,,,"'煤炭', '煤炭1'",
"4382","Product","合成气",,,,,,,,,,,,,,,,,,,
"5445","Product","铁路货运服务",,,,,,,,,,,,,,,,,,,