"~id","~labels","name","code","market_scale","report_url","backbone","competitive_condition","product_unit","creator","当前产能","扩产难度","地域","专业性质","市场特点","description","规格","其他性质","updated","别称","unit","product_spec"
"6","Product","风电厂",,,,,,,,,,,,,,,,,,,
"68","Product","核电站",,,,,,,,,,,,,,,,,,,
"255","Product","继电器",,,,,,,,,,,,,,,,,,,
"432","Product","光伏系统","None","2022年中国装机量预测为85-100GW","https://quantumgalaxy.feishu.cn/wiki/wikcnWOHBA2DjLBeABqWJTs4t2e","'光伏'","占全国光伏总装机规模的比例为 1.55%","GW",,,,,,,,,,,,,
"592","Product","发电厂",,,,,,,"呼庆红","","","","","","","","","2022-04-14T20:05:26.000+0800","",,
"597","Product","储能锂电池",,,"https://quantumgalaxy.feishu.cn/wiki/wikcnPQNJpbPkEPYOIJGfcaJ5nf",,,,"呼庆红","","","","","","","","","2022-04-14T20:08:33.000+0800","","GWh",
"743","Technique","火力发电",,,"https://quantumgalaxy.feishu.cn/wiki/wikcnPQNJpbPkEPYOIJGfcaJ5nf","'煤炭'",,,"张子萱","","","","","","","","","2022-04-08T15:33:50.000+0800","火电",,
"745","Product","动力煤",,"2022年市场空间预计为37.4亿吨。","https://quantumgalaxy.feishu.cn/wiki/wikcnv0xFXfhVPAZ5Loc0V2DPeh","'煤炭'",,"吨","张子萱","","","","","","","","","2022-04-26T20:41:01.000+0800","",,"公司主要产品是动力煤原煤，优质煤、末煤<13mm 优小块13-25mm 优中块25-80mm 优大块80-120mm"
"775","Product","电力",,,"https://quantumgalaxy.feishu.cn/wiki/wikcnPQNJpbPkEPYOIJGfcaJ5nf","'光伏'",,,"王泽澎","","","","","","","","","2022-04-03T22:26:35.000+0800","","kWh",
"834","Product","天然气",,,"https://quantumgalaxy.feishu.cn/wiki/wikcn6JNhxWnoEous7EpfNEPUzb","'石油天然气'",,,"呼庆红","","","","","","","","","2022-04-25T16:16:07.000+0800","",,
"1165","Product","火电厂",,,,,,,,,,,,,,,,,,,
"1276","Product","逆变器",,,,,,,,,,,,,,,,,,,
"1570","Product","变压器",,,,,,,,,,,,,,,,,,,
"1585","Product","配电网",,,"https://quantumgalaxy.feishu.cn/wiki/wikcnPQNJpbPkEPYOIJGfcaJ5nf",,,,,,,,,,,,,,,,
"1586","Product","输电网",,,"https://quantumgalaxy.feishu.cn/wiki/wikcnPQNJpbPkEPYOIJGfcaJ5nf",,,,,,,,,,,,,,,,
"1587","Product","电网",,,"https://quantumgalaxy.feishu.cn/wiki/wikcnPQNJpbPkEPYOIJGfcaJ5nf",,,,,,,,,,,,,,,,
"2073","Product","风电整机",,,"https://quantumgalaxy.feishu.cn/wiki/wikcnWOHBA2DjLBeABqWJTs4t2e",,,,,,,,,,,,,,,,
"3358","Product","锅炉",,,,,,,,,,,,,,,,,,,
"3411","Product","电缆",,,,,,,,,,,,,,,,,,,
"3971","Product","储能系统","None",,,,,"GWh",,,,,,,,,,,,,
"4182","Technique","热电联产",,,,,,,,,,,,,,,,,,,
"4804","Product","水电站",,,,,,,,,,,,,,,,,,,
"4915","Product","电力母线",,,,,,,,,,,,,,,,,,,
"5039","Product","燃气轮机",,,,,,,,,,,,,,,,,,,
"5508","Product","功率模块",,,,"'半导体'",,,,,,,,,,,,,,,
"5925","Product","光伏电站",,,,,,,,,,,,,,,,,,,
"5926","Product","氢能发电厂",,,,,,,,,,,,,,,,,,,
"5927","Product","脱硫脱硝设备",,,,,,,,,,,,,,,,,,,
"5928","Product","吸收塔",,,,,,,,,,,,,,,,,,,
"5929","Product","脱硫泵",,,,,,,,,,,,,,,,,,,
"5939","Product","增压风机",,,,,,,,,,,,,,,,,,,
"5960","Product","燃气电厂",,,,,,,,,,,,,,,,,,,
"5961","Product","汽轮机",,,,,,,,,,,,,,,,,,,
"5962","Technique","光储一体化",,,,,,,,,,,,,,,,,,,
"5963","Technique","风储一体化",,,,,,,,,,,,,,,,,,,
"5964","Product","电化学储能",,,,,,,,,,,,,,,,,,,
"5965","Product","机械储能",,,,,,,,,,,,,,,,,,,
"5966","Product","铅酸电池",,,,,,,,,,,,,,,,,,,
"5967","Product","钠硫电池",,,,,,,,,,,,,,,,,,,
"5968","Product","抽水蓄能电站",,,,,,,,,,,,,,,,,,,
"5969","Product","飞轮储能系统",,,,,,,,,,,,,,,,,,,
"5970","Product","压缩空气储能系统",,,,,,,,,,,,,,,,,,,
"5971","Product","电力电子设备",,,,,,,,,,,,,,,,,,,
"5972","Product","整流器",,,,,,,,,,,,,,,,,,,
"5973","Product","分布式电源",,,,,,,,,,,,,,,,,,,
"5974","Product","微型燃气轮机",,,,,,,,,,,,,,,,,,,
"5975","Product","内燃机",,,,,,,,,,,,,,,,,,,
"5976","Product","电力设备",,,,,,,,,,,,,,,,,,,
"5977","Product","电力一次设备",,,,,,,,,,,,,,,,,,,
"5978","Product","电力二次设备 ",,,,,,,,,,,,,,,,,,,
"5979","Product","发电机",,,,,,,,,,,,,,,,,,,
"5980","Product","开关电器",,,,,,,,,,,,,,,,,,,
"5981","Product","载流导体",,,,,,,,,,,,,,,,,,,
"5982","Product","电动机",,,,,,,,,,,,,,,,,,,
"5983","Product","互感器",,,,,,,,,,,,,,,,,,,
"5984","Product","补偿模块",,,,,,,,,,,,,,,,,,,
"5985","Product","架空线",,,,,,,,,,,,,,,,,,,
"5986","Product","电磁储能",,,,,,,,,,,,,,,,,,,
"5987","Product","超导储能",,,,,,,,,,,,,,,,,,,
"5988","Product","超级电容储能",,,,,,,,,,,,,,,,,,,
"5989","Product","智能电表",,,,,,,,,,,,,,,,,,,
"5990","Product","控制电缆",,,,,,,,,,,,,,,,,,,