"~id","~labels","当前产能","地域","report_url","name","扩产难度","规格","市场特点","description","creator","backbone","专业性质","别称","unit","其他性质","updated","code","product_unit"
"14","Product","国内纯苯产能逐年增加， 2020年国内总产能达到1638.5万t／a，较2016 年增幅 37.8％，进口依存度为14.1％。","从全球纯苯产能区域分布来看，纯苯的生产和消费主要集中在亚洲、北美和西欧地区。","https://quantumgalaxy.feishu.cn/wiki/wikcnoNmlv4gi1SouLPF8yRCjUc","纯苯",,,,,,,,,,,,,
"73","Product","- 2021全球烯烃新增产能主要在中国：2021年中国新增乙烯产能736万吨，总产能达到3923万吨，新增丙烯590万吨，总产能达到4827万吨","当前世界石化产业的发展和竞争格局呈现“三个热极”和“三个强极”，“三个热极”是北美、 东北亚、海湾地区。“三个强极”是指北美、东北亚、欧洲。","https://quantumgalaxy.feishu.cn/wiki/wikcnoNmlv4gi1SouLPF8yRCjUc","烯烃","项目计划时间一般为2-5年左右，主要是生产装置的投入，耗资较多","定价单位：元/吨","- 埃克森美孚占9.2%；OQ4.1%；卫星化学12.9%；LG化学4.1%等","- 烯烃是指含有C=C键（碳碳双键）的碳氢化合物，常见的烯烃是乙烯(C2H4)和丙烯(C3H6)，烯烃的通式是CnH2n，它们都含有碳碳双键(—CC—)，容易发生加成反应",,,,,,,,,
"178","Product","2020年全球乙烯产能1.96亿吨，需求约1.66亿吨（聚乙烯下游占比63%，主要是LLDPE、LDPE、HDPE三类）；",,"https://quantumgalaxy.feishu.cn/wiki/wikcnoNmlv4gi1SouLPF8yRCjUc","乙烯",,,,,"彭昊",,,,,,,,
"181","Product",,,"https://quantumgalaxy.feishu.cn/wiki/wikcnoNmlv4gi1SouLPF8yRCjUc","丙烯",,,,,,,,,,,,,
"199","Product",,,,"合成橡胶",,,,,,,,,,,,,
"207","Product",,,"https://quantumgalaxy.feishu.cn/wiki/wikcnoNmlv4gi1SouLPF8yRCjUc","单烯烃",,,,,,,,,,,,,
"254","Product",,,"https://quantumgalaxy.feishu.cn/wiki/wikcnSH6OaRZv50RTjbuvbYWgob","光伏组件",,,"2021年全球组件实际需求预计为186GW",,,"'光伏'",,,,,,,
"393","Product",,,,"防水材料",,,,,,,,,,,,,
"531","Product","","",,"成品油","","","","","彭昊","'石油天然气'","","","吨","","2022-04-21T15:24:27.000+0800",,
"532","Product","2020年国内对二甲苯(PX)生产能力为2554 万t／a，同比增长13.3％ ,2020年国内PX产量2450.5万t，同比增长39.15％。2020年国内PX装置开工率80．44％，创五年来新高。 到2021年，我国PX产能已达3127万吨/年。","","https://quantumgalaxy.feishu.cn/wiki/wikcnoNmlv4gi1SouLPF8yRCjUc","对二甲苯","建设年产100万吨（约21年国内总产能的3.2%）对二甲苯需要2年。","","","","彭昊",,"","PX",,"","2022-04-18T15:54:44.000+0800",,
"534","Product","","",,"精对苯二甲酸","","PTA期货的交易代码是TA。","","","彭昊","'石油天然气'","","PTA",,"","2022-04-18T15:54:44.000+0800","None","吨"
"542","Product","","","https://quantumgalaxy.feishu.cn/wiki/wikcnoNmlv4gi1SouLPF8yRCjUc","聚乙烯","","","","","呼庆红",,"","PE",,"","2022-04-21T15:25:33.000+0800",,
"543","Product","","",,"聚丙烯","","","","","呼庆红",,"","PP",,"","2022-04-14T21:17:11.000+0800",,
"547","Product","","","https://quantumgalaxy.feishu.cn/wiki/wikcnijeO8qHDegzsa3XUlVpXXe","锂电池隔膜","","","","","呼庆红",,"","",,"","2022-04-14T21:16:25.000+0800",,
"819","Product","2021年我国沥青的总产能为8143万吨/年。2022年预计产能仍有新增，综合考虑投产以及稀释沥青加之目前开工率难以提升等原因对产能的限制，认为当前我国沥青的有效产能为7543万吨，2022年沥青的有效产能为7323万吨。","山东是我国沥青生产大省，2020年山东省沥青产量为2812万吨，产能约占全国总产能的 32%",,"沥青","沥青产品扩产容易，以兰溪交投集团交工公司的扩建信息为例，其沥青生产线扩建项目从施工建设到正式投产仅需要半年时间，可增加沥青产能40万吨/年。","","在产量方面，2015年至2020年，我国沥青产量从3126.5万吨增长至6279.6万吨，产量始终保持增长态势，其中2020年我国沥青产量为6279.6万吨，同比增长24.6%，有较大幅度的增长。","石油沥青是在原油加工过程中所制成的一种沥青产品，主要含有可溶于三氯乙烯的烃类和非烃类衍生物构成，在常温下是黑色或黑褐色的粘稠的液体、半固体或固体状态","呼庆红","'石油天然气'","不同种类的原油沥青的收率有所不同。以马瑞原油为例，其沥青收率可达50%-60%，而辽河油的沥青收率则为40%-50%，南美巴西油的沥青收率则在40%左右。","",,"整体来看，沥青的下游应用较为集中，其中用于路面建设的部分占比最高，占沥青下游需求的58%","2022-04-14T21:06:43.000+0800",,
"823","Product","","",,"柴油","","","","","呼庆红","'石油天然气'","","",,"","2022-04-21T15:24:26.000+0800",,
"824","Product","","",,"汽油","","","","","呼庆红","'石油天然气'","","",,"","2022-04-21T15:29:12.000+0800",,
"832","Product","原油和凝析油的2019年产量约为8300万桶/天，按照2010-2019年的数据推算，约每年增加100万桶/天的产量。预计其中超过三分之二为原油。","沙特、伊拉克、俄罗斯","https://quantumgalaxy.feishu.cn/wiki/wikcnZzMPYxfhtDyvurJuxtS6vl","原油","","","定价单位：元/吨；元/桶，1吨（原油）=7.389桶（原油） 常见合约形式：年度合约（价格和数量是提前几个月敲定），及现货市场 价格种类及区别（市场价/期货价/不同产地的价格，有何区别）： 三个重要的原油期货合约主要有纽约商业交易所的轻质低硫原油即“西德克萨斯中质油”期货合约（WTI）、伦敦国际石油交易所的布伦特原油期货合约（BTENT），新加坡交易所的迪拜酸性原油期货合约。 五大现货市场：北欧（包括西北欧鹿特丹和伦敦，靠近码头和炼油厂）、地中海（接近黑海，同时附近有炼油厂）、加勒比海市场（较小）、新加坡市场（地处波斯湾至日本航线的中间）、美国（主要是在临墨西哥湾的休斯顿、大西洋的波特兰港和纽约港）","  h5. 从地下天然油藏直接开采得到的液态碳氢化合物或其天然形式的混合物，通常是流动或半流动的粘稠液体。","呼庆红","'石油天然气'","","",,"石油主要被炼化用来作为成品油，广泛用于机动车、船、飞机等领域，占比达到60%左右；部分成分被用于生产树脂、橡胶、纤维等生活材料，占比约为15%；还有部分重质油被炼化生产石蜡、沥青、焦炭等，用于建筑、基建等领域，占比达到19%。","2022-04-27T12:09:53.000+0800",,
"836","Technique","","","https://quantumgalaxy.feishu.cn/wiki/wikcn6JNhxWnoEous7EpfNEPUzb","油气开采","","","油田服务行业未来市场空间：《财富商业观察》数据显示，到2027年，油田服务市场规模将达到3460亿美元，年复合增长率为6.6%； 油气行业未来市场：预计行业宏观基本面十分有利，原因为油气需求稳定复苏、供应市场日益紧张以及油价的支撑。因此可以预测油气服务业务的需求也处于稳定复苏趋势； 数字化油田服务方面主要有哈里顿、斯伦贝谢、GE和贝克休斯。","","呼庆红",,"","",,"","2022-04-25T09:49:20.000+0800",,
"886","Technique",,,,"深精炼",,,,"","呼庆红",,,,,,"2022-04-03T11:09:03.000+0800",,
"1151","Product",,,"https://quantumgalaxy.feishu.cn/wiki/wikcnoNmlv4gi1SouLPF8yRCjUc","多烯烃",,,,,,,,,,,,,
"1155","Product",,,"https://quantumgalaxy.feishu.cn/wiki/wikcnoNmlv4gi1SouLPF8yRCjUc","丁二烯",,,,,,,,,,,,,
"1157","Product",,,,"石脑油",,,,,,"'石油天然气'",,"化工轻油",,,,,
"1173","Product","华经情报网21年7月提估计21年末国内苯乙烯产能将达到1505万吨，同比2020年增长312万吨，增速达26%，增速连续第二年保持在25%以上。",,,"苯乙烯","年产50万吨（约21年国内总产能的3.32%）苯乙烯建设需要18个月","苯乙烯期货代码是EB,一手是5吨,最小变动价位是1元/吨,波动一个点是5块钱。",,,,,,,,,,,
"1226","Product","至2020年年底， 国内甲苯产能达1704.7万t／a，较2016年增长 67.84％ 。",,"https://quantumgalaxy.feishu.cn/wiki/wikcnoNmlv4gi1SouLPF8yRCjUc","甲苯",,,,,,,,,,,,,
"1272","Product",,,,"光伏胶膜",,,,,,"'光伏'",,,,,,"None","平方米"
"1363","Product","国内纯苯产能逐年增加， 2020年国内总产能达到1638.5万t／a，较2016 年增幅 37.8％，进口依存度为14.1％。","芳烃的生产主要依托大型炼厂、石化企业，供应端广泛分布在我国东部和南部以及东北区域。","https://quantumgalaxy.feishu.cn/wiki/wikcnoNmlv4gi1SouLPF8yRCjUc","芳烃","年产50万吨（约21年国内总产能的3.32%）苯乙烯建设需要18个月。建设年产100万吨（约21年国内总产能的3.2%）对二甲苯需要2年。",,"纯苯下游消费领域主要集中在苯乙烯（近40%）。2016-2020年，我国苯乙烯产能呈现稳步增长趋势，复合增长率为7.9%。根据数据显示，截至2020年年底，我国共有48家苯乙烯生产厂家、60条生产线，总产能1197万吨，同比增长29%。我国苯乙烯进入新一轮扩能周期，2021年约有541万吨新增产能投放，这也说明了我国纯苯行业下游需求将大幅增加。",,"彭昊",,"参考指标1：上游原材料石油价格或产量 参考指标2：下游化工产品价格或需求--如精对苯二甲酸PTA ",,,,,,
"4027","Product",,,,"EVA树脂",,,,,,,,"乙烯-醋酸共聚物",,,,"None","吨"
"4240","Product",,,,"公路",,,,,,,,,,,,,
"5647","Product",,,,"聚烯烃",,,,,,,,,,,,,
"5652","Product",,,,"食品防腐剂",,,,,,,,,,,,,
"5653","Product",,,,"EVA胶膜",,,,,,,,,,,,,
"5959","Product",,,,"聚酯",,,,,,,,"PET",,,,,