"~id","~labels","name","backbone","creator","当前产能","地域","专业性质","市场特点","description","规格","别称","unit","扩产难度","其他性质","updated","code","product_unit","report_url"
"15","Product","合成氨","'煤炭', '石油天然气'",,,,,,,,,,,,,,,
"390","Product","高速公路","'石油天然气'",,,,,,,,,,,,,,,
"531","Product","成品油","'海运', '石油化工', '石油天然气'","彭昊","","","","","","","","吨","","","2022-04-21T15:24:27.000+0800",,,
"533","Product","乙二醇","'石油天然气'","彭昊","","","","","","","MEG",,"","","2022-04-18T15:51:29.000+0800",,,
"534","Product","精对苯二甲酸","'石油化工', '石油天然气'","彭昊","","","","","","PTA期货的交易代码是TA。","PTA",,"","","2022-04-18T15:54:44.000+0800","None","吨",
"781","Product","焦炭","'煤炭', '石油天然气'","王泽澎","","","","","","","",,"","","2022-04-04T08:26:21.000+0800",,,"https://quantumgalaxy.feishu.cn/wiki/wikcnv0xFXfhVPAZ5Loc0V2DPeh"
"819","Product","沥青","'石油化工', '石油天然气'","呼庆红","2021年我国沥青的总产能为8143万吨/年。2022年预计产能仍有新增，综合考虑投产以及稀释沥青加之目前开工率难以提升等原因对产能的限制，认为当前我国沥青的有效产能为7543万吨，2022年沥青的有效产能为7323万吨。","山东是我国沥青生产大省，2020年山东省沥青产量为2812万吨，产能约占全国总产能的 32%","不同种类的原油沥青的收率有所不同。以马瑞原油为例，其沥青收率可达50%-60%，而辽河油的沥青收率则为40%-50%，南美巴西油的沥青收率则在40%左右。","在产量方面，2015年至2020年，我国沥青产量从3126.5万吨增长至6279.6万吨，产量始终保持增长态势，其中2020年我国沥青产量为6279.6万吨，同比增长24.6%，有较大幅度的增长。","石油沥青是在原油加工过程中所制成的一种沥青产品，主要含有可溶于三氯乙烯的烃类和非烃类衍生物构成，在常温下是黑色或黑褐色的粘稠的液体、半固体或固体状态","","",,"沥青产品扩产容易，以兰溪交投集团交工公司的扩建信息为例，其沥青生产线扩建项目从施工建设到正式投产仅需要半年时间，可增加沥青产能40万吨/年。","整体来看，沥青的下游应用较为集中，其中用于路面建设的部分占比最高，占沥青下游需求的58%","2022-04-14T21:06:43.000+0800",,,
"821","Product","车用燃料","'石油天然气'","呼庆红","","","","","","","",,"","","2022-04-03T10:52:14.000+0800",,,
"822","Product","液化石油气","'石油天然气'","呼庆红","","","","","","","",,"","","2022-04-04T10:01:31.000+0800",,,
"823","Product","柴油","'石油化工', '石油天然气'","呼庆红","","","","","","","",,"","","2022-04-21T15:24:26.000+0800",,,
"824","Product","汽油","'石油化工', '石油天然气'","呼庆红","","","","","","","",,"","","2022-04-21T15:29:12.000+0800",,,
"832","Product","原油","'海运', '石油化工', '石油天然气'","呼庆红","原油和凝析油的2019年产量约为8300万桶/天，按照2010-2019年的数据推算，约每年增加100万桶/天的产量。预计其中超过三分之二为原油。","沙特、伊拉克、俄罗斯","","定价单位：元/吨；元/桶，1吨（原油）=7.389桶（原油） 常见合约形式：年度合约（价格和数量是提前几个月敲定），及现货市场 价格种类及区别（市场价/期货价/不同产地的价格，有何区别）： 三个重要的原油期货合约主要有纽约商业交易所的轻质低硫原油即“西德克萨斯中质油”期货合约（WTI）、伦敦国际石油交易所的布伦特原油期货合约（BTENT），新加坡交易所的迪拜酸性原油期货合约。 五大现货市场：北欧（包括西北欧鹿特丹和伦敦，靠近码头和炼油厂）、地中海（接近黑海，同时附近有炼油厂）、加勒比海市场（较小）、新加坡市场（地处波斯湾至日本航线的中间）、美国（主要是在临墨西哥湾的休斯顿、大西洋的波特兰港和纽约港）","  h5. 从地下天然油藏直接开采得到的液态碳氢化合物或其天然形式的混合物，通常是流动或半流动的粘稠液体。","","",,"","石油主要被炼化用来作为成品油，广泛用于机动车、船、飞机等领域，占比达到60%左右；部分成分被用于生产树脂、橡胶、纤维等生活材料，占比约为15%；还有部分重质油被炼化生产石蜡、沥青、焦炭等，用于建筑、基建等领域，占比达到19%。","2022-04-27T12:09:53.000+0800",,,"https://quantumgalaxy.feishu.cn/wiki/wikcnZzMPYxfhtDyvurJuxtS6vl"
"834","Product","天然气","'电力', '石油天然气'","呼庆红","","","","","","","",,"","","2022-04-25T16:16:07.000+0800",,,"https://quantumgalaxy.feishu.cn/wiki/wikcn6JNhxWnoEous7EpfNEPUzb"
"848","Product","油井","'石油天然气'","呼庆红","","","","油井建设未来市场空间：2021年全球石油钻井收入大约2535.4百万美元，预计2028年达到3276.8百万美元，2022至2028期间，年复合增长率CAGR为 3.7%（数据来源于环洋市场咨询）。 全球油井建设主要企业包括：斯伦贝谢、通用电气、韦瑟福德国际有限公司、哈里伯顿等。","","","",,"","","2022-04-14T11:07:33.000+0800",,,
"1157","Product","石脑油","'石油化工', '石油天然气'",,,,,,,,"化工轻油",,,,,,,
"5886","Technique","石油轻炼","'石油天然气'",,,,,,,,,,,,,,,
"5887","Product","家用燃气","'石油天然气'",,,,,,,,,,,,,,,
"5888","Technique","裂解反应","'石油天然气'",,,,,,,,,,,,,,,
"6206","Product","民用天然气",,,,,,,,,,,,,,,,
"6207","Product","车用天然气",,,,,,,,,,,,,,,,