"~id","~labels","creator","当前产能","扩产难度","地域","专业性质","name","市场特点","规格","description","别称","backbone","report_url","其他性质","updated"
"12","Product","王泽澎","全球约7700万吨/年，国内加工产能约为634万吨/年。前三名生产国家分别为印度尼西亚、马来西亚和泰国。","扩产不太容易，种植油棕树周期长，且考虑绿色转型困难，未来增速会减缓。","全球来看，棕榈油生产集中在东南亚地区，印尼和马来西亚的棕榈油产量占全球约85%。 印尼和马来西亚等东南亚地区属热带季风气候或热带雨林气候，高温多雨，适合规模化种植油棕树。印尼棕榈油主要产区在苏门答腊岛，当地棕榈种植面积占印尼总产量的80%。马来西亚的油棕树分布在西马、沙巴及沙捞越不同区域，至2017年，根据MPOB数据显示，西马占46.6%，沙巴占26.6%，沙捞越占26.8%。  20世纪20年代我国从马来西亚引种油棕树到海南岛，后来台湾、云南、广西、福建、广东等地区均有种植，但产量不多。 国内棕榈油加工区域和我国进口地相一致，天津、上海和广州周边地区不但是我国棕榈油的主要进口、贸易集散地，而且大型的棕榈油加工企业也主要集中在这些地区，拥有足够的棕榈油加工、储存能力。印尼、印度、中国是全球棕榈油消费量排名前三的国家，由于我国气候不适宜种植油棕树，因此我国无法生产棕榈油，国内棕榈油供应则完全依赖进口。印尼棕榈油占我国总进口的52%。","在世界上被广泛用于烹饪和食品制造业：由于本身氧化稳定性高，尤其是耐煎炸一特性，常常用来替代动物油。 同时也涉及油脂化工领域：目前全球超过70%的个护产品中含有一种或多种棕榈油衍生物，被广泛用于洗发水、沐浴露、肥皂、消毒剂等日化产品中，且在化妆品行业的应用也很广。","棕榈油 ","棕榈油70-80%用于食品餐饮行业，其余用以洗涤剂和化妆品等油脂化工。国内棕榈油产量极少，中国是第一大棕榈油进口国及消费国，21年中国棕榈油消费量约600万吨，进口量约640万吨。","元/吨；美元/吨；林吉特/吨","棕榈油：又称棕油、棕皮油，由油棕果中果皮提取的油脂，为不干性油。世界上生产量、消费量和国际贸易量最大的植物油品种。","棕油、棕皮油",,,,
"15","Product",,,,,,"合成氨",,,,,"石油天然气,煤炭",,,
"20","Product","王泽澎",,,,,"棕榈树",,,,"油棕树",,"https://quantumgalaxy.feishu.cn/wiki/wikcntRUqMUkQGRMkJFjMDRpZuh",,
"53","Product","王泽澎",,,,,"食用油",,,,,,,,
"54","Product","王泽澎",,,,,"豆油",,,,,"农牧业",,,
"79","Product",,,,,,"磷酸一铵",,,,"MAP",,,,
"80","Product","王泽澎",,,,,"磷酸二铵",,,,"DAP",,,,
"166","Technique",,,,,,"湿法制磷酸",,,,,,,,
"248","Product",,,,,,"农药",,,,,,,,
"313","Technique",,,,,,"热法制磷酸",,,,,,,,
"439","Product",,,,,,"水处理剂",,,,,,,,
"475","Product",,,,,,"液氯",,,,,,,,
"675","Product","彭昊","","","","","钾矿石","","","","",,,"","2022-04-04T15:09:25.000+0800"
"679","Product","彭昊","","","","","钾肥","","","","",,"https://quantumgalaxy.feishu.cn/wiki/wikcntRUqMUkQGRMkJFjMDRpZuh","","2022-04-04T15:09:11.000+0800"
"680","Product","彭昊","","","","","硫磺","","","","",,,"","2022-04-04T15:07:49.000+0800"
"686","Product","彭昊","","","","","磷肥","","","","",,"https://quantumgalaxy.feishu.cn/wiki/wikcntRUqMUkQGRMkJFjMDRpZuh","","2022-04-04T15:06:20.000+0800"
"687","Product","彭昊","","","","","尿素","","","","","煤炭",,"","2022-04-04T15:04:22.000+0800"
"688","Product","彭昊","","","","","硫酸铵","","","","",,,"","2022-04-04T15:03:48.000+0800"
"689","Product","彭昊","","","","","氯化铵","","","","",,,"","2022-04-04T15:02:42.000+0800"
"690","Product","彭昊","","","","","氮肥","","","","",,"https://quantumgalaxy.feishu.cn/wiki/wikcntRUqMUkQGRMkJFjMDRpZuh","","2022-04-04T15:03:59.000+0800"
"695","Product","彭昊","","","","","特种化肥","","","","",,"https://quantumgalaxy.feishu.cn/wiki/wikcntRUqMUkQGRMkJFjMDRpZuh","","2022-04-04T15:01:44.000+0800"
"696","Product","彭昊","","","","","磷矿石","","","","",,"https://quantumgalaxy.feishu.cn/wiki/wikcnZzMPYxfhtDyvurJuxtS6vl","","2022-04-04T14:59:09.000+0800"
"697","Product","彭昊","","","","","黄磷","","","","",,,"","2022-04-04T14:59:09.000+0800"
"698","Product","彭昊","","","","","磷酸","","","","",,,"","2022-04-04T15:07:29.000+0800"
"704","Product","彭昊","","","","","化肥","","","","",,"https://quantumgalaxy.feishu.cn/wiki/wikcntRUqMUkQGRMkJFjMDRpZuh","","2022-04-04T15:08:04.000+0800"
"712","Product","彭昊","","","","","白酒","","","","",,,"","2022-04-04T14:52:23.000+0800"
"713","Product",,,,,,"高粱",,,,,,,,
"720","Product","彭昊","","","","","玉米油","","","","",,,"","2022-04-04T14:49:41.000+0800"
"725","Product","彭昊","","","","","饲料","","","","","农牧业","https://quantumgalaxy.feishu.cn/wiki/wikcntRUqMUkQGRMkJFjMDRpZuh","","2022-04-04T14:49:23.000+0800"
"727","Product","彭昊","","","","","种子","","","","",,"https://quantumgalaxy.feishu.cn/wiki/wikcntRUqMUkQGRMkJFjMDRpZuh","","2022-04-04T14:47:35.000+0800"
"733","Product","彭昊","","","","","玉米","","","","","农牧业","https://quantumgalaxy.feishu.cn/wiki/wikcntRUqMUkQGRMkJFjMDRpZuh","","2022-04-04T14:52:12.000+0800"
"734","Product","彭昊","","","","","小麦","","","","","农牧业","https://quantumgalaxy.feishu.cn/wiki/wikcntRUqMUkQGRMkJFjMDRpZuh","","2022-04-04T14:48:28.000+0800"
"735","Product","彭昊","","","","","大豆","","","","","农牧业","https://quantumgalaxy.feishu.cn/wiki/wikcntRUqMUkQGRMkJFjMDRpZuh","","2022-04-04T14:47:53.000+0800"
"736","Product","彭昊","","","","","水稻","","","","",,"https://quantumgalaxy.feishu.cn/wiki/wikcntRUqMUkQGRMkJFjMDRpZuh","","2022-04-04T14:45:57.000+0800"
"739","Product","彭昊","","","","","杀虫剂","","","","",,,"","2022-04-04T14:41:23.000+0800"
"741","Product","彭昊","","","","","除草剂","","","","",,,"","2022-04-04T14:40:52.000+0800"
"742","Product","彭昊","","","","","农作物","","","","",,"https://quantumgalaxy.feishu.cn/wiki/wikcntRUqMUkQGRMkJFjMDRpZuh","","2022-04-04T14:55:35.000+0800"
"807","Product","彭昊","","","","","硫酸","","","","",,,"","2022-04-18T10:56:26.000+0800"
"834","Product","呼庆红","","","","","天然气","","","","","石油天然气,电力","https://quantumgalaxy.feishu.cn/wiki/wikcn6JNhxWnoEous7EpfNEPUzb","","2022-04-25T16:16:07.000+0800"
"1174","Product",,,,,,"甘蔗",,,,,,,,
"1580","Demand",,,,,,"企业环境治理需求",,,,,,,,
"1786","Product",,,,,,"面粉",,,,,,,,
"2990","Product",,,,,,"水果",,,,,,,,
"3167","Product",,,,,,"大米",,,,,,,,
"3228","Product",,,,,,"甜菜",,,,,,,,
"3856","Product",,,,,,"蔬菜",,,,,,,,
"3879","Product",,,,,,"果蔬食品",,,,,,,,
"5274","Technique",,,,,,"豆油榨油工艺",,,,,"农牧业",,,
"5797","Product",,,,,,"豆粕",,,,,"农牧业",,,
"6420","Technique",,,,,,"盐湖提钾",,,,,,,,
"6421","Technique",,,,,,"钾矿石制钾肥",,,,,,,,
"6422","Demand",,,,,,"工业水处理需求",,,,,,,,
"6423","Product",,,,,,"农业机械",,,,,,,,
"6424","Product",,,,,,"粮食作物",,,,,,,,
"6425","Product",,,,,,"油料作物",,,,,,,,
"6426","Product",,,,,,"糖料作物",,,,,,,,