"~id","~labels","creator","当前产能","地域","专业性质","report_url","市场特点","description","规格","别称","扩产难度","name","其他性质","backbone","updated","code","datadate","stdchg1m","chgrate1d","value","product_unit"
"542","Product","呼庆红","","","","https://quantumgalaxy.feishu.cn/wiki/wikcnoNmlv4gi1SouLPF8yRCjUc","","","","PE","","聚乙烯","","'石油化工', '锂离子电池'","2022-04-21T15:25:33.000+0800",,,,,,
"543","Product","呼庆红","","","",,"","","","PP","","聚丙烯","","'石油化工', '锂离子电池'","2022-04-14T21:17:11.000+0800",,,,,,
"544","Product","呼庆红","","","",,"","","","","","隔膜添加剂","","'锂离子电池'","2022-04-14T21:16:51.000+0800",,,,,,
"547","Product","呼庆红","","","","https://quantumgalaxy.feishu.cn/wiki/wikcnijeO8qHDegzsa3XUlVpXXe","","","","","","隔膜","","'石油化工', '锂离子电池'","2022-04-14T21:16:25.000+0800",,,,,,
"553","Product","呼庆红","","","",,"","","","","","电解液添加剂","","'锂离子电池'","2022-04-14T21:09:38.000+0800",,,,,,
"555","Product","呼庆红","","","",,"","","","","","电解液溶剂","","'锂离子电池'","2022-04-14T21:12:08.000+0800",,,,,,
"558","Product","呼庆红","","","",,"","","","","","石油焦","",,"2022-04-14T21:05:54.000+0800",,,,,,
"566","Product","呼庆红","","","","https://quantumgalaxy.feishu.cn/wiki/wikcnijeO8qHDegzsa3XUlVpXXe","","","","","","导电剂","","'锂离子电池'","2022-04-14T20:59:20.000+0800",,,,,,
"569","Product","呼庆红","","","",,"","","","","","铝箔","","'锂离子电池'","2022-04-14T20:42:55.000+0800",,,,,,
"588","Product","呼庆红","","","","https://quantumgalaxy.feishu.cn/wiki/wikcnijeO8qHDegzsa3XUlVpXXe","","","","","","电池后段设备","","'锂离子电池'","2022-04-14T20:23:23.000+0800",,,,,,
"589","Product","呼庆红","","","","https://quantumgalaxy.feishu.cn/wiki/wikcnijeO8qHDegzsa3XUlVpXXe","","","","","","电池中段设备","","'锂离子电池'","2022-04-14T20:25:12.000+0800",,,,,,
"590","Product","呼庆红",,"","","https://quantumgalaxy.feishu.cn/wiki/wikcnijeO8qHDegzsa3XUlVpXXe","","","","","","电池前段设备","","'锂离子电池'","2022-04-14T20:24:32.000+0800",,,,,,
"663","Product","呼庆红","","","","https://quantumgalaxy.feishu.cn/wiki/wikcnijeO8qHDegzsa3XUlVpXXe","","","","","","电池生产设备","","'锂离子电池'","2022-04-14T20:20:02.000+0800",,,,,,
"819","Product","呼庆红","2021年我国沥青的总产能为8143万吨/年。2022年预计产能仍有新增，综合考虑投产以及稀释沥青加之目前开工率难以提升等原因对产能的限制，认为当前我国沥青的有效产能为7543万吨，2022年沥青的有效产能为7323万吨。","山东是我国沥青生产大省，2020年山东省沥青产量为2812万吨，产能约占全国总产能的 32%","不同种类的原油沥青的收率有所不同。以马瑞原油为例，其沥青收率可达50%-60%，而辽河油的沥青收率则为40%-50%，南美巴西油的沥青收率则在40%左右。",,"在产量方面，2015年至2020年，我国沥青产量从3126.5万吨增长至6279.6万吨，产量始终保持增长态势，其中2020年我国沥青产量为6279.6万吨，同比增长24.6%，有较大幅度的增长。","石油沥青是在原油加工过程中所制成的一种沥青产品，主要含有可溶于三氯乙烯的烃类和非烃类衍生物构成，在常温下是黑色或黑褐色的粘稠的液体、半固体或固体状态","","","沥青产品扩产容易，以兰溪交投集团交工公司的扩建信息为例，其沥青生产线扩建项目从施工建设到正式投产仅需要半年时间，可增加沥青产能40万吨/年。","沥青","整体来看，沥青的下游应用较为集中，其中用于路面建设的部分占比最高，占沥青下游需求的58%","'石油化工', '石油天然气'","2022-04-14T21:06:43.000+0800",,,,,,
"906","Company;Indicator","呼庆红","","","",,"","","","","","恩捷股份","","'锂离子电池'","2022-04-14T21:15:59.000+0800","002812.SZ","2022-10-27",-1.58303,-0.0338791,153.42,
"915","Company;Indicator","呼庆红","","","",,"","","","","","先导智能","","'锂离子电池'","2022-04-14T20:25:12.000+0800","300450.SZ","2022-10-27",0.0456078,0.0170737,51.23,
"917","Company;Indicator","呼庆红","","","",,"","","","","","璞泰来","","'锂离子电池'","2022-04-14T20:24:14.000+0800","603659.SH","2022-10-27",-1.21325,-0.00848256,52.6,
"963","Company;Indicator","呼庆红","","","","https://quantumgalaxy.feishu.cn/docs/doccnEmejGYHJBv3Qp2CMpKldYc#","","","","","","宁德时代","","'锂离子电池'","2022-04-24T10:38:38.000+0800","300750.SZ","2022-10-27",-0.713859,-0.0268289,390.3,
"1127","Company;Indicator",,,,,,,,,,,"美联新材",,,,"300586.SZ","2022-10-27",0.28802,-0.06641,19.4,
"1407","Technique",,,,,,,,,,,"干法隔膜",,"'锂离子电池'",,,,,,,
"1576","Product",,,,,,,,,,,"石墨烯",,"'锂离子电池'",,,,,,,
"2382","Technique",,,,,,,,,,,"湿法隔膜",,"'锂离子电池'",,,,,,,
"2386","Product",,,,,,,,,,,"氯化钠",,,,,,,,,
"3906","Product",,,,,,,,,,,"碳纳米管导电浆料",,"'锂离子电池'",,,,,,,
"4123","Company;Indicator",,,,,,,,,,,"天能股份",,,,"688819.SH","2022-10-27",0.540051,-0.0384986,39.96,
"5099","Product",,,,,,,,,,,"导电炭黑",,"'锂离子电池'",,"None",,,,,"吨"
"5518","Product",,,,,,,,,,,"钠离子电池",,,,,,,,,
"5519","Company;Indicator",,,,,,,,,,,"传艺科技",,,,"002866.SZ","2022-10-27",-0.370211,-0.0953975,43.24,
"5521","Product",,,,,,,,,,,"储能钠离子电池",,,,,,,,,
"6029","Company;Indicator",,,,,,,,,,,"同兴环保",,,,"003027.SZ","2022-10-27",-1.43499,-0.0350877,20.9,
"6103","Product",,,,,,,,,,,"动力钠离子电池",,,,,,,,,
"6244","Product",,,,,,,,,,,"钠离子电池模组",,,,,,,,,
"6245","Product",,,,,,,,,,,"钠离子电池电芯",,,,,,,,,
"6246","Product",,,,,,,,,,,"钠离子电池电芯正极",,,,,,,,,
"6247","Product",,,,,,,,,,,"层状金属氧化物正极",,,,,,,,,
"6248","Product",,,,,,,,,,,"聚阴离子化合物正极",,,,,,,,,
"6249","Product",,,,,,,,,,,"普鲁士蓝类化合物正极",,,,,,,,,
"6250","Product",,,,,,,,,,,"碳酸钠",,,,,,,,,
"6251","Product",,,,,,,,,,,"过渡金属氧化物",,,,,,,,,
"6252","Product",,,,,,,,,,,"过渡金属",,,,,,,,,
"6253","Product",,,,,,,,,,,"磷酸钠",,,,,,,,,
"6254","Product",,,,,,,,,,,"氰化物",,,,,,,,,
"6255","Product",,,,,,,,,,,"钠离子电池电解液",,,,,,,,,
"6256","Product",,,,,,,,,,,"钠离子电池电解液溶质",,,,,,,,,
"6257","Product",,,,,,,,,,,"六氟磷酸钠",,,,,,,,,
"6258","Product",,,,,,,,,,,"钠离子电池电芯负极",,,,,,,,,
"6259","Product",,,,,,,,,,,"硬碳",,,,,,,,,
"6260","Product",,,,,,,,,,,"软碳",,,,,,,,,
"6261","Product",,,,,,,,,,,"生物制基",,,,,,,,,
"6262","Product",,,,,,,,,,,"酚醛树脂",,,,,,,,,
"6263","Product",,,,,,,,,,,"椰壳",,,,,,,,,
"6264","Product",,,,,,,,,,,"钠离子电池粘结剂",,,,,,,,,
"6297","Product",,,,,,,,,,,"无烟煤",,,,,,,,,
"6298","Product",,,,,,,,,,,"氢氧化镍铁锰",,,,,,,,,
"6299","Product",,,,,,,,,,,"二氧化锰",,,,,,,,,
"6300","Company",,,,,,,,,,,"湘潭电化",,,,"002125.SZ",,,,,