"~id","~labels","creator","report_url","name","unit","扩产难度","当前产能","地域","专业性质","规格","市场特点","description","其他性质","updated","别称","code","market_scale","backbone","product_unit","competitive_condition"
"164","Product","杨丹","https://quantumgalaxy.feishu.cn/wiki/wikcnSeYIk2gWZqaihvDJzXpROb","集装箱",,,,,,,,,,,,,,,,
"328","Product",,"https://quantumgalaxy.feishu.cn/wiki/wikcnIKXHf3KjTHMY5rg3Hz3lbD","房地产","",,,,,,,,,,,,,,,
"751","Product","王泽澎",,"工程机械",,"","","","","","","","","2022-04-03T22:57:03.000+0800","",,,,,
"756","Product","王泽澎","https://quantumgalaxy.feishu.cn/wiki/wikcnnFIz95E22oQ6vSjeAJADwb","汽车",,"","","","","","","","","2022-04-14T09:55:36.000+0800","","None","2021年汽车产销量为2608.2/2627.6万辆",,,
"758","Product","王泽澎",,"基础设施",,"","","","","","","","","2022-04-03T23:02:37.000+0800","",,,,,
"764","Product",,,"建筑及工程用结构钢",,,,,,,,,,,,,,,,
"773","Product","王泽澎","https://quantumgalaxy.feishu.cn/wiki/wikcn6m75MCjm79PyuVXQ3mUvbg","废钢材",,"","","","","","","","","2022-04-03T22:29:23.000+0800","",,,,,
"777","Product","王泽澎","https://quantumgalaxy.feishu.cn/wiki/wikcn6m75MCjm79PyuVXQ3mUvbg","粗钢",,"","","","","","","","","2022-04-03T22:40:24.000+0800","",,,"'煤炭'",,
"783","Product","王泽澎","https://quantumgalaxy.feishu.cn/wiki/wikcn6m75MCjm79PyuVXQ3mUvbg","生铁",,"","","","","","","","","2022-04-03T22:29:06.000+0800","",,,"'煤炭'",,
"785","Product","王泽澎",,"冶金焦",,"","","","","","","","","2022-04-03T22:19:55.000+0800","",,,,,
"786","Product","王泽澎",,"石灰石",,"","","","","","","","","2022-04-18T10:55:48.000+0800","",,,,,
"791","Product","王泽澎","https://quantumgalaxy.feishu.cn/wiki/wikcn6m75MCjm79PyuVXQ3mUvbg","铁矿石",,"","","","","","","","","2022-04-03T22:10:47.000+0800","",,,"'煤炭'",,
"801","Product","彭昊",,"镍铁",,"","","","","","","","","2022-04-03T21:27:46.000+0800","",,,,,
"802","Product","彭昊","https://quantumgalaxy.feishu.cn/wiki/wikcnnFIz95E22oQ6vSjeAJADwb","不锈钢",,"","","","","","","","","2022-04-03T22:59:35.000+0800","",,,,,
"835","Product","呼庆红","https://quantumgalaxy.feishu.cn/wiki/wikcnSH6OaRZv50RTjbuvbYWgob","钢材",,"","","","","","","","","2022-04-14T10:47:29.000+0800","成型钢材","None","2021年汽车行业钢材消费量为5450万吨，同比增长0.9%。",,"吨","物产中大集团股份有限公司是主营业务是供应链集成服务。主要产品是供应链集成服务、金属材料、化工、整车及后服务、煤炭、金融服务、高端实业、线缆制造、热电联产。公司自2011年起连续入围《财富》世界500强，是中国供应链集成服务引领者，是浙江省省属特大型国有控股企业集团，是国内同行中唯一入选高盛新漂亮50的上市公司。  物产中大和福然德公司都有金属材料供应链集成服务，但物产中大除以供应链为主体外，还以金融与高端实业为两翼，围绕产业生态不断前行。收入结构：供应链集成服务占比95%，其中金属材料业务收入占比近半；毛利构成看：供应链贡献毛利的63%，其中物产金属贡献最大毛利来源（21.4%），金融服务及高端实业合计贡献约四分之一；毛利率看：公司整体毛利率2.7%，供应链业务毛利率1.8%，金融服务18.4%、高端实业16.8%。近年来高速增长的金融服务与高端实业板块可视为公司打造供应链+产业生态圈的重要抓手。"
"874","Technique","王泽澎","https://quantumgalaxy.feishu.cn/wiki/wikcn6m75MCjm79PyuVXQ3mUvbg","转炉炼钢",,,,,,,,"",,"2022-04-03T22:29:06.000+0800",,,,,,
"877","Technique","王泽澎",,"高炉冶炼",,,,,,,,"",,"2022-04-03T22:16:17.000+0800",,,,,,
"879","Product",,,"高炉煤气",,,,,,,,,,,,,,,,
"1030","Product",,"https://quantumgalaxy.feishu.cn/wiki/wikcnIKXHf3KjTHMY5rg3Hz3lbD","建筑材料",,,,,,,,,,,,,,,,
"1089","Product",,"https://quantumgalaxy.feishu.cn/wiki/wikcn6m75MCjm79PyuVXQ3mUvbg","特种钢",,,,,,,,,,,,,,,,
"1390","Product",,"https://quantumgalaxy.feishu.cn/wiki/wikcnSeYIk2gWZqaihvDJzXpROb","船舶",,,,,,,,,,,,,,,,
"1965","Product",,,"氧气",,,,,,,,,,,,,,,,
"2419","Product",,,"工具钢",,,,,,,,,,,,,,,,
"5776","Technique",,,"钢铁成型工艺",,,,,,,,,,,,,,,,
"5777","Product",,,"钢坯",,,,,,,,,,,,,,,,
"5856","Product",,,"炼焦煤粉",,,,,,,,,,,,,,,,
"5857","Product",,,"炼钢生铁",,,,,,,,,,,,,,,,
"5859","Technique",,,"平炉炼钢",,,,,,,,,,,,,,,,
"5860","Technique",,,"电炉炼钢",,,,,,,,,,,,,,,,
"5861","Product",,,"结构钢",,,,,,,,,,,,,,,,
"5862","Product",,,"机械制造用结构钢",,,,,,,,,,,,,,,,
"5863","Product",,,"镍矿",,,,,,,,,,,,,,,,