"~id","~labels","name","code","market_scale","report_url","backbone","competitive_condition","product_unit","creator","当前产能","地域","专业性质","规格","市场特点","description","别称","扩产难度","其他性质","updated","nick_name","unit","product_spec","datadate","stdchg1m","chgrate1d","value","stdchg3m"
"417","Product","智能手机",,,,,,,,,,,,,,,,,,,,,,,,,
"432","Product","光伏系统","None","2022年中国装机量预测为85-100GW","https://quantumgalaxy.feishu.cn/wiki/wikcnWOHBA2DjLBeABqWJTs4t2e","'光伏', '电力'","占全国光伏总装机规模的比例为 1.55%","GW",,,,,,,,,,,,,,,,,,,
"511","Product","氢氧化锂",,,"https://quantumgalaxy.feishu.cn/wiki/wikcnijeO8qHDegzsa3XUlVpXXe",,,,"呼庆红","","","","","","","","","","2022-04-25T10:07:50.000+0800",,,,,,,,
"517","Product","锂矿",,,"https://quantumgalaxy.feishu.cn/wiki/wikcnZzMPYxfhtDyvurJuxtS6vl",,,,"呼庆红","","","","","","","","","","2022-04-25T09:54:24.000+0800",,,,,,,,
"539","Product","锂辉石",,,,,,,"彭昊","","","","","","","","","","2022-04-18T10:56:26.000+0800",,,,,,,,
"540","Product","锂云母",,,,,,,"彭昊","","","","","","","","","","2022-04-18T10:52:53.000+0800",,,,,,,,
"542","Product","聚乙烯",,,"https://quantumgalaxy.feishu.cn/wiki/wikcnoNmlv4gi1SouLPF8yRCjUc","'石油化工'",,,"呼庆红","","","","","","","PE","","","2022-04-21T15:25:33.000+0800",,,,,,,,
"543","Product","聚丙烯",,,,"'石油化工'",,,"呼庆红","","","","","","","PP","","","2022-04-14T21:17:11.000+0800",,,,,,,,
"544","Product","隔膜添加剂",,,,,,,"呼庆红","","","","","","","","","","2022-04-14T21:16:51.000+0800",,,,,,,,
"547","Product","锂电池隔膜",,,"https://quantumgalaxy.feishu.cn/wiki/wikcnijeO8qHDegzsa3XUlVpXXe","'石油化工'",,,"呼庆红","","","","","","","","","","2022-04-14T21:16:25.000+0800",,,,,,,,
"552","Product","六氟磷酸锂",,,,,,,"呼庆红","","","","","","","","","","2022-04-24T10:40:41.000+0800",,,,,,,,
"553","Product","电解液添加剂",,,,,,,"呼庆红","","","","","","","","","","2022-04-14T21:09:38.000+0800",,,,,,,,
"554","Product","电解液溶质",,,,,,,"呼庆红","","","","","","","","","","2022-04-24T10:40:42.000+0800",,,,,,,,
"555","Product","电解液溶剂",,,,,,,"呼庆红","","","","","","","","","","2022-04-14T21:12:08.000+0800",,,,,,,,
"556","Product","锂电池电解液",,,"https://quantumgalaxy.feishu.cn/wiki/wikcnijeO8qHDegzsa3XUlVpXXe",,,,"呼庆红","","","","","","","","","","2022-04-14T21:14:51.000+0800",,,,,,,,
"560","Product","天然石墨负极",,,,,,,"呼庆红","","","","","","","","","","2022-04-14T21:04:16.000+0800",,,,,,,,
"563","Product","硅基负极",,,,,,,"呼庆红","","","","","","","","","","2022-04-14T21:01:00.000+0800",,,,,,,,
"565","Product","电芯负极",,,,,,,"呼庆红","","","","","","","","","","2022-04-14T21:00:32.000+0800",,,,,,,,
"566","Product","锂电池导电剂",,,"https://quantumgalaxy.feishu.cn/wiki/wikcnijeO8qHDegzsa3XUlVpXXe",,,,"呼庆红","","","","","","","","","","2022-04-14T20:59:20.000+0800",,,,,,,,
"567","Product","锂电池粘结剂","None",,"https://quantumgalaxy.feishu.cn/wiki/wikcnijeO8qHDegzsa3XUlVpXXe",,,"吨","呼庆红","","","","","","","PVDF粘合剂","","","2022-04-14T20:58:59.000+0800",,,,,,,,
"568","Product","铜箔",,,,,,,"呼庆红","","","","","","","","","","2022-04-14T20:43:53.000+0800",,,,,,,,
"569","Product","铝箔",,,,,,,"呼庆红","","","","","","","","","","2022-04-14T20:42:55.000+0800",,,,,,,,
"571","Product","磷酸二氢铵",,,,,,,,,,,,,,,,,,,,,,,,,
"576","Product","三元前驱体",,,,,,,"呼庆红","","","","","","","","","","2022-04-14T20:41:30.000+0800",,,,,,,,
"577","Product","NCA（镍钴铝）",,,,,,,"呼庆红","","","","","","","","","","2022-04-14T20:37:43.000+0800",,,,,,,,
"578","Product","NCM（镍钴锰）","None","2021 年国内三元材料总产量为 39.81 万吨",,,"杉杉集团2021年三元正极材料销售量2.18万吨，市占率5.48%；当升科技2021年三元正极材料销售量1.67万吨，市占率4.19%；容百科技21年三元正极材料销售量5.23万吨，市占率13.14%；本公司2021 年三元正极材料市占率6.8%。","吨","呼庆红","","","","","","","","","","2022-04-14T20:37:06.000+0800","镍钴锰",,,,,,,
"580","Product","硝酸铁",,,,,,,"呼庆红","","","","","","","","","","2022-04-14T20:36:18.000+0800",,,,,,,,
"581","Product","磷酸铁",,,,,,,"呼庆红","","","","","","","","","","2022-04-14T20:35:40.000+0800",,,,,,,,
"582","Product","电池级碳酸锂",,,"https://quantumgalaxy.feishu.cn/wiki/wikcnijeO8qHDegzsa3XUlVpXXe",,,,"呼庆红","","","","","","","","","","2022-04-25T10:06:12.000+0800",,,,,,,,
"583","Product","钴酸锂正极","None","钴酸锂21年国内总产量9.17万吨，预计2025年达到9.6万吨",,,"当升科技2021年，，钴酸锂销售量109.79吨，市占率0.12%；本公司钴酸锂市占率49%","吨","呼庆红","","","","","","","","","","2022-04-14T20:33:01.000+0800",,,,,,,,
"584","Product","锰酸锂正极",,,,,,,"呼庆红","","","","","","","","","","2022-04-25T10:08:00.000+0800",,,,,,,,
"585","Product","磷酸铁锂正极",,,,,,,"呼庆红","","","","","","","","","","2022-04-25T10:07:50.000+0800",,,,,,,,
"586","Product","三元正极",,,,,,,"呼庆红","","","","","","","","","","2022-04-25T10:08:01.000+0800",,,,,,,,
"587","Product","电芯正极",,,,,,,"呼庆红","","","","","","","","","","2022-04-14T20:32:29.000+0800",,,,,,,,
"588","Product","锂电池后段设备",,,"https://quantumgalaxy.feishu.cn/wiki/wikcnijeO8qHDegzsa3XUlVpXXe",,,,"呼庆红","","","","","","","","","","2022-04-14T20:23:23.000+0800",,,,,,,,
"589","Product","锂电池中段设备",,,"https://quantumgalaxy.feishu.cn/wiki/wikcnijeO8qHDegzsa3XUlVpXXe",,,,"呼庆红","","","","","","","","","","2022-04-14T20:25:12.000+0800",,,,,,,,
"590","Product","锂电池前段设备",,,"https://quantumgalaxy.feishu.cn/wiki/wikcnijeO8qHDegzsa3XUlVpXXe",,,,"呼庆红","","","","","","","","","","2022-04-14T20:24:32.000+0800",,,,,,,,
"591","Product","通信基站",,,,,,,"呼庆红","","","","","","","","","","2022-04-14T20:08:32.000+0800",,,,,,,,
"593","Product","电脑",,,,,,,"呼庆红","","","","","","","","","","2022-04-14T20:02:54.000+0800",,,,,,,,
"597","Product","储能锂电池",,,"https://quantumgalaxy.feishu.cn/wiki/wikcnPQNJpbPkEPYOIJGfcaJ5nf","'电力'",,,"呼庆红","","","","","","","","","","2022-04-14T20:08:33.000+0800",,"GWh",,,,,,
"598","Product","消费锂电池",,,"https://quantumgalaxy.feishu.cn/wiki/wikcnijeO8qHDegzsa3XUlVpXXe",,,,"呼庆红","","","","","","","","","","2022-04-14T20:02:54.000+0800",,,,,,,,
"599","Product","锂离子电池",,,"https://quantumgalaxy.feishu.cn/wiki/wikcnijeO8qHDegzsa3XUlVpXXe",,,,"呼庆红","","","","","","","","","","2022-04-14T20:23:23.000+0800",,"GWh",,,,,,
"600","Product","锂电池模组",,,"https://quantumgalaxy.feishu.cn/wiki/wikcnijeO8qHDegzsa3XUlVpXXe",,,,"呼庆红","","","","","","","","","","2022-04-14T20:23:24.000+0800",,,,,,,,
"601","Product","锂电池电芯",,,"https://quantumgalaxy.feishu.cn/wiki/wikcnijeO8qHDegzsa3XUlVpXXe",,,,"呼庆红","","","","","","","","","","2022-04-14T21:15:43.000+0800",,,,,,,,
"663","Product","锂电池生产设备",,,"https://quantumgalaxy.feishu.cn/wiki/wikcnijeO8qHDegzsa3XUlVpXXe",,,,"呼庆红","","","","","","","","","","2022-04-14T20:20:02.000+0800",,,,,,,,
"665","Product","电动汽车",,,,,,,"呼庆红","","","","","","","","","","2022-04-14T20:20:02.000+0800",,,,,,,,
"670","Product","碳基负极",,,,,,,,,,,,,,,,,,,,,,,,,
"775","Product","电力",,,"https://quantumgalaxy.feishu.cn/wiki/wikcnPQNJpbPkEPYOIJGfcaJ5nf","'光伏', '电力'",,,"王泽澎","","","","","","","","","","2022-04-03T22:26:35.000+0800",,"kWh",,,,,,
"776","Product","人造石墨负极","None","2021年，中国负极材料出货量达到77.9万吨，同比增长86.4%，其中人造石墨负极材料出货量为60.5万吨。",,,"根据观研报告以及2021年人造石墨出货量和公司相关产品销量的计算，公司2021年在人造石墨市场的市占率为10%。整体来说，从出货量的角度，出货表现抢眼的依然是贝特瑞、杉杉股份、江西紫宸和凯金能源年度出货量均突破8万吨。从产量来看，负极材料市场已经形成“4大3小”局面。","吨","王泽澎","","","","","","","","","","2022-04-03T22:26:35.000+0800",,,"310-320mAh/g；330-340mAh/g；340-360mAh/g",,,,,
"794","Product","动力锂电池",,,"https://quantumgalaxy.feishu.cn/wiki/wikcnijeO8qHDegzsa3XUlVpXXe",,,,"彭昊","","","","","","","","","","2022-04-03T21:29:54.000+0800",,,,,,,,
"865","Technique","液相法",,,,,,,"呼庆红",,,,,,"",,,,"2022-04-14T20:36:38.000+0800",,,,,,,,
"866","Technique","固相法",,,,,,,"呼庆红",,,,,,"",,,,"2022-04-18T10:35:10.000+0800",,,,,,,,
"893","Company;Indicator","赣锋锂业","002460.SZ",,,,,,"呼庆红","碳酸锂产能43000吨/年，产能利用率68%左右；氢氧化锂83000吨/年，产能利用率88%左右","在澳大利亚、阿根廷、墨西哥、爱尔兰和中国青海、江西等地，持有多处优质矿源。","公司锂系列产品（以碳酸锂和氢氧化锂为主）售价在2021年上半年为7.2万元，下半年为10.8万元；锂电池系列产品上半年售价为15.2万元，下半年售价为17.3万元。均受到锂产品市场行情上行影响，锂系列产品受其影响更为直接。目前市场供不应求，公司拥有上游优质锂资源，且全球新矿开发需要较长时间，因此短期来看公司优势较为明显，因此议价权较强。","","2021年全球锂矿石产量31.9万吨LCE，全球盐湖产量25.6万吨LCE；2021全球LCE需求60.62万吨，2022预计为75万吨。","","","公司锂资源端建设周期约2-4年，在现有项目上开发第二阶段建设也需要1-2年，约产出4万吨LCE。锂电池项目生产线建设需要2年左右，年产5GWh和10GWh项目均在2023年后投产。产能调整时间较长，依靠现有项目进行二期开发稍容易一些。","在全球氢氧化锂市占率约28%；公司在全国碳酸锂市占率在9.4%，氢氧化锂市占率在36.8%（计算）；回收业务中退役磷酸铁锂电池和三元电池在国内市占率分别排名第一和第三。","2022-04-25T09:59:45.000+0800",,,,"2022-09-23",-0.403,-0.0225308,80.26,
"906","Company;Indicator","恩捷股份","002812.SZ",,,,,,"呼庆红","","","","","","","","","","2022-04-14T21:15:59.000+0800",,,,"2022-09-23",-1.03159,0.011493,178.66,
"907","Company;Indicator","杉杉股份","600884.SH",,,,,,"呼庆红","","","","","","","","","","2022-04-24T10:38:47.000+0800",,,,"2022-09-23",-1.01664,0.0129032,23.55,
"908","Company;Indicator","新宙邦","300037.SZ",,,,,,"呼庆红","","","","","","","","","","2022-04-14T21:14:18.000+0800",,,,"2022-09-23",-0.535652,0.0171184,42.78,
"909","Company;Indicator","天际股份","002759.SZ",,,,,,"呼庆红","","","","","","","","","","2022-04-14T21:13:58.000+0800",,,,"2022-09-23",-1.44407,-0.02824,19.27,
"910","Company;Indicator","天赐材料","002709.SZ",,"https://quantumgalaxy.feishu.cn/docs/doccnKmQ8Yv6B2SOG41A6mifjkf#",,,,"呼庆红","电解液： 2020年公司电解液产能10.6万吨，预计2021年达25.6万吨。公司电解液规划总产能为120万吨。 六氟磷酸锂 公司目前拥有折固3.2万吨的六氟磷酸锂产能，新的技改扩产项目正在建设中，2022年技改后新增3万吨产能，2023年投产15万吨液体六氟产能（折固5万吨），2024年投产20万吨液体六氟产能（折固6.7万吨）。预计2024年公司六氟折固产能为17万吨。 按照六氟与电解液8：1的配比，可满足135万吨电解液需求，六氟产能与电解液产能匹配。  LiFSI 公司已有产能0.6万吨，2022年上半年技改后预计产能增至1万吨。公司于九江另有6万吨中间体HFSI在建，对应5.7万吨LiFSI产能，预计将于2022年投产。预计九江2万吨产能、南通2万吨产能分别于2023、2024年投产。预计2024年公司LiFSI总产能达6万吨。 ","江西、江苏","- 六氟磷酸锂合成，公司用的是有机溶剂分散法，将LiF颗粒悬浮于有机溶剂中，通入PF5反应生成LiPF6。这个方法优点是避免使用腐蚀性HF，反应较温和，缺点是反速度慢、有机溶剂制备的产品纯度只有90%~95%，PF5易与有机溶剂反应，导致溶液颜色加深且引入大量杂质，同时LiPF6晶体难分离。 - LiFSI合成路线主要为氯磺酸法和硫酰氟法，氯磺酸法为主流，公司两种方法均有所布局。LiFSI合成主要分为中间体双氟磺酰亚胺合成及锂化两个环节，两种合成方法的区别在于使用不同的原料合成中间体双氟磺酰亚胺，氯磺酸法使用氯磺酸、氯化亚砜、氨基磺酸或氯磺酸、氯磺酰异氰酸酯为原料，硫酰氟法以硫酰氟及氮化锂为原料，锂化环节一般使用碱性锂或卤化锂。","","动力电池拉动电解液需求，预计2025年全球电解液需求为221.3万吨。预计2020- 2025年全球电解液需求由41.9万吨增至221.3万吨，CAGR将达到39.5%。按12%的添加比例算，预计2020-2025年全球六氟磷酸锂需求由5.0万吨增至26.6万吨。 目前LiFSI在电解液中仅作为添加剂，添加比例一般在1%-3%，未来随着成本下降、 下游应用成熟，其添加比例有望不断上升。若添加比例达到5%，则2025年LiFSI全球需求可达11.1万吨。 ","  公司对外销售的产品主要是锂电池的电解液，但公司也自己生产电解液的各种原材料，包含LiPF6、LiFSI、溶剂、添加剂等。   h5. 优势： 公司形成了LiPF6、LiFSI、溶剂、添加剂、电解液等产业链一体化布局，成本优势明显，毛利率高。 公司深度绑定宁德时代，会受益于宁德时代的巨大的需求。 *劣势：* 目前公司披露的与宁德时代的合约到2022.06.30，公司具有大客户风险，宁德时代一家销售额占公司总销售额50%。 h1.  ","","公司新建产线从15-30个月不等，技改项目一般需要2年。 - 根据公司历史的项目建设公告，公司新建六氟磷酸锂、LiFSI的产线一般需要15-30个月，产能越高时间越长，如年产2万吨双氟磺酰亚胺锂项目需要15个月建成，而年产2万吨电解质基础材料及5800吨新型锂电解质项目则需要30个月才能建成。公司技改的项目是2020年发布，预计2022年中完成，因此预计技改项目大概需要2年时间，可以新增六氟磷酸锂产能3万吨。 - 产能利用率与添加剂VC的量有关系，因此若要提高产能利用率，还要看其他原材料的短缺与否，周期不固定。","公司2021年电解液产能预计2021年达25.6万吨，2021年全国总产能预计为96.1万吨，因此，天赐材料市占率为26.64%，为市占率第一。 2017-2020年行业CR4由55%增至66%. 公司是宁德时代第一大供应商，少量供给给LG chem、三星SDI，还有一些供给给国轩高科。 而新宙邦则均少量供给给宁德时代、LG chem、松下、三星SDI，杉杉股份则主要大量供给给亿纬锂能，部分给国轩高科。因此可以看出不同电解液的公司会供给不同的客户，提升市占率的重点则在于打客户。 从电解液营收来看，公司领先市场其他公司，是其他公司的二倍及以上； 从毛利率来看，公司更是领先，主要原因是公司对电解液全产业链布局，有效降低成本，增加了利润。","2022-04-24T10:40:43.000+0800",,,,"2022-09-23",-0.784525,-0.010399,46.63,
"912","Company;Indicator","多氟多","000407.SZ",,,,,,"呼庆红","","","","","","","","","","2022-04-14T21:14:51.000+0800",,,,"2022-09-23",-0.0174619,-0.0257611,4.16,
"913","Company;Indicator","石大胜华","603026.SH",,,,,,"呼庆红","","","","","","","","","","2022-04-14T21:12:33.000+0800",,,,"2022-09-23",-1.26862,-0.0128155,101.68,-1.34655
"914","Company;Indicator","贝特瑞","835185.BJ",,,,,,"呼庆红","","","","","","","","","","2022-04-25T10:03:57.000+0800",,,,"2022-09-23",-1.7865,-0.0138408,51.3,-2.53098
"915","Company;Indicator","先导智能","300450.SZ",,,,,,"呼庆红","","","","","","","","","","2022-04-14T20:25:12.000+0800",,,,"2022-09-23",-1.45567,-0.00934394,49.83,-1.33423
"916","Company;Indicator","赢合科技","300457.SZ",,,,,,"呼庆红","","","","","","","","","","2022-04-14T20:24:48.000+0800",,,,"2022-09-23",-1.65717,-0.0236318,23.55,
"917","Company;Indicator","璞泰来","603659.SH",,,,,,"呼庆红","","","","","","","","","","2022-04-14T20:24:14.000+0800",,,,"2022-09-23",-0.84573,0.00698835,60.52,-1.68958
"919","Company;Indicator","杭可科技","688006.SH",,,,,,"呼庆红","","","","","","","","","","2022-04-14T20:23:00.000+0800",,,,"2022-09-23",-1.5215,-0.017534,52.67,
"920","Company;Indicator","亿纬锂能","300014.SZ",,,,,,"呼庆红","","","","","","","","","","2022-04-14T20:18:50.000+0800",,,,"2022-09-23",-0.971194,0.000677201,88.66,
"963","Company;Indicator","宁德时代","300750.SZ",,"https://quantumgalaxy.feishu.cn/docs/doccnEmejGYHJBv3Qp2CMpKldYc#",,,,"呼庆红","","","","","","","","","","2022-04-24T10:38:38.000+0800",,,,"2022-09-23",-1.50889,0.00566279,417.34,
"1407","Technique","干法隔膜",,,,,,,,,,,,,,,,,,,,,,,,,
"1576","Product","石墨烯",,,,,,,,,,,,,,,,,,,,,,,,,
"2106","Company;Indicator","黑猫股份","002068.SZ",,,,,,,,,,,,,,,,,,,,"2022-09-23",-0.523311,-0.0406404,15.58,
"2382","Technique","湿法隔膜",,,,,,,,,,,,,,,,,,,,,,,,,
"2650","Company;Indicator","德方纳米","300769.SZ",,,,,,,"目前，公司纳米磷酸铁锂产品主要由全资子公司佛山德方、曲靖德方和控股子公司曲靖麟铁负责生产。 公司2021年末累计建设完成磷酸铁锂产能15.5万吨/年。","公司总部位于深圳市南山区，并在广东佛山、云南曲靖建有研发和生产基地，由子公司佛山德方、曲靖德方负责。","公司拥有“自热蒸发液相合成纳米磷酸铁锂技术”，即液相法制备磷酸铁锂",,"【磷酸铁锂】：2025年全球磷酸铁锂产量需求将达到217万吨，对应2025年市场空间将达到838亿元",,,"磷酸铁锂建设周期约在一年左右，实现年产能在8-10万吨，公司未来将布局新型磷酸盐项目（建设周期一年，年产能11万吨）和补锂剂项目（建设周期约两年，年产能4.5万吨）。公司通过建设新工厂和新生产线进行产能调整，速度较快，预计2021年-2024年CAGR约73%，因此产能调整较为容易，特别是由于公司已有磷酸铁锂生产经验，在新型磷酸盐项目产线建设上应该会更容易一些。","市占率：20.21%",,,,,"2022-09-23",-1.31835,-0.0177501,298.27,
"3621","Product","铝塑膜",,,,,,,,,,,,,,,,,,,,,,,,,
"3905","Company;Indicator","天奈科技","688116.SH",,,,,,,"2021年公司碳纳米管粉体生产1661.7吨，碳纳米管导电浆料生产34024.78吨。","根据公司扩产项目来看，生产主要在镇江、常州、成都和美国。 公司的客户主要是国内的领先电池厂商，因此销往全国各地。",,,"2021年中国碳纳米管导电浆料市场规模为7.8万吨","公司是国内和全球最大的碳纳米管（CNT）生产企业。",,"建新产线需要1-3年,在现有产线上调整产能较为容易，一年可增加碳纳米管粉体1000吨，碳纳米管导电浆料20000吨。 ",,,,,,"2022-09-23",-1.40908,-0.0181613,112.99,
"3906","Product","碳纳米管导电剂",,,,,,,,,,,,,,,,,,,,,,,,,
"4676","Company;Indicator","当升科技","300073.SZ",,,,,,,,,,,,,,,,,,,,"2022-09-23",-1.08791,-0.0108878,70.86,
"4711","Company;Indicator","容百科技","688005.SH",,"https://quantumgalaxy.feishu.cn/docs/doccnunu4uV8yovF8LQzRd0p43u",,,,,"公司高镍三元材料产量全国第一。公司是国内最早布局高镍三元的企业之一，目前公司高镍 NCM 811 系列产品技术与生产规模均处于全球领先地位。根据 SMM 统计，2021 年中国高镍 NCM 811 三元材料产量占三元材料总产量的 35%，其中容百科技占高镍 NCM 811 材料产量的 35.9%，为国内高镍三元材料产量第一名。 容百科技当前三元正极材料建成产能为 14.9 万吨，同时公司计划再建工程多。预计 2022 年 10 月贵州遵义生产基地新增 5.8 万吨产能，韩国基地将于 2022 年内新增 1.5 万吨产能。按照公司扩产计划，将在2022 年达到 22.2 万吨产能， 2025 年实现 67 万吨产能的目标。   公司前驱体产能为 1.5 万吨。","生产区域：公司在华东、华中、西南及韩国设立多处先进生产基地，并围绕正极材料回收再利用布局循环产业链。下图是公司生产基地分布图。其中，目前公司三元正极材料产能主要集中在湖北鄂州，至 2025 年，按公司规划扩产后，三元正极材料产能将集中在湖北仙桃。  产品销往哪里：公司主要采取直销模式，下游客户多为国内外大型、知名的锂电池厂商等终端客户，国内外市场均有销售。以国内客户为主，国内营收占比达 98.8%。","1. 正极材料生产工艺 根据公司招股说明书披露，正极材料系由前驱体混合锂盐（碳酸锂或氢氧化锂）经过烧结、细碎、包覆等工序加工而成。单晶 NCM622 、 NCM811 及 NCA 使用的锂盐为氢氧化锂，其他正极材料使用的锂盐为碳酸锂。 ",,"2022 年全球动力电池装机量预计将达到 480GWh；2022 年全球三元正极材料出货量将超过 115 万吨；2022 国内三元电池产量预计可达 144 GWh。","容百科技是国内领先的锂电池正极材料供应商，主要从事高能量密度锂电池正极材料及其前驱体的研发、生产和销售。",,"较为容易，三元正极材料单万吨建设周期平均为 8 个月。",,,,,,"2022-09-23",-1.24173,-0.0266537,90.2,
"5099","Product","导电用炭黑","None",,,,,"吨",,,,,,,,,,,,,,,,,,,
"5535","Company;Indicator","国轩高科","002074.SZ",,,,,,,,,,,,,,,,,,,,"2022-09-23",-1.06992,0.0130394,32.63,
"5962","Technique","光储一体化",,,,"'电力'",,,,,,,,,,,,,,,,,,,,,
"5963","Technique","风储一体化",,,,"'电力'",,,,,,,,,,,,,,,,,,,,,