"~id","~labels","creator","name","backbone","report_url","当前产能","扩产难度","地域","专业性质","市场特点","description","规格","其他性质","updated","别称"
"41","Demand","王泽澎","饮食需求","农牧业",,,,,,,,,,,
"53","Product","王泽澎","食用油",,,,,,,,,,,,
"61","Product","王泽澎","粮食","海运","https://quantumgalaxy.feishu.cn/wiki/wikcntRUqMUkQGRMkJFjMDRpZuh",,,,,,,,,,
"241","Product",,"冷链物流运输","农牧业",,,,,,,,,,,
"251","Product",,"食品烟酒",,,,,,,,,,,,
"252","Product",,"饮料",,,,,,,,,,,,
"401","Product",,"高端白酒",,,,,,,,,,,,
"712","Product","彭昊","白酒",,,"","","","","","","","","2022-04-04T14:52:23.000+0800",""
"713","Product",,"高粱",,,,,,,,,,,,
"733","Product","彭昊","玉米","农牧业","https://quantumgalaxy.feishu.cn/wiki/wikcntRUqMUkQGRMkJFjMDRpZuh","","","","","","","","","2022-04-04T14:52:12.000+0800",""
"734","Product","彭昊","小麦","农牧业","https://quantumgalaxy.feishu.cn/wiki/wikcntRUqMUkQGRMkJFjMDRpZuh","","","","","","","","","2022-04-04T14:48:28.000+0800",""
"742","Product","彭昊","农作物",,"https://quantumgalaxy.feishu.cn/wiki/wikcntRUqMUkQGRMkJFjMDRpZuh","","","","","","","","","2022-04-04T14:55:35.000+0800",""
"1174","Product",,"甘蔗",,,,,,,,,,,,
"1786","Product",,"面粉",,,,,,,,,,,,
"1998","Product",,"生鲜食品",,"https://quantumgalaxy.feishu.cn/wiki/wikcnTz8g2nwEpmXjuvwwlxkQtg",,,,,,,,,,
"2437","Product",,"休闲食品",,"https://quantumgalaxy.feishu.cn/wiki/wikcnTz8g2nwEpmXjuvwwlxkQtg",,,,,,,,,,
"2467","Product",,"食糖",,,,,,,,,,,,
"2547","Product",,"甜味剂",,,,,,,,,,,,
"2625","Product",,"调味品",,,,,,,,,,,,
"2632","Product",,"速冻食品",,,,,,,,,,,,
"2881","Product",,"餐饮店","农牧业",,,,,,,,,,,"餐饮服务"
"2951","Product",,"烘焙食品","农牧业",,,,,,,,,,,
"2990","Product",,"水果",,,,,,,,,,,,
"3167","Product",,"大米",,,,,,,,,,,,
"3228","Product",,"甜菜",,,,,,,,,,,,
"3661","Product",,"中低端白酒",,,,,,,,,,,,
"3708","Product",,"乳制品",,,,,,,,,,,,"奶制品"
"3855","Product",,"商品蛋","农牧业",,,,,,,,,,,
"3856","Product",,"蔬菜",,,,,,,,,,,,
"4099","Product",,"水产品",,,,,,,,,,,,
"5804","Product",,"肉类食品","农牧业",,,,,,,,,,,
"6424","Product",,"粮食作物",,,,,,,,,,,,
"6425","Product",,"油料作物",,,,,,,,,,,,
"6426","Product",,"糖料作物",,,,,,,,,,,,
"6427","Product",,"香烟",,,,,,,,,,,,
"6428","Product",,"烟草",,,,,,,,,,,,