,600123.SH,3668.HK,AMR.N,600546.SH,600188.SH,600746.SH,600426.SH,600010.SH,BTU.N,SSL.N,X.N,601225.SH,000966.SZ,601699.SH,600395.SH,601666.SH,000983.SZ,601088.SH,601898.SH,601001.SH,601991.SH,000027.SZ,600886.SH,AEP.O,002893.SZ,3948.HK,600722.SH,600470.SH,600121.SH,600795.SH,600011.SH,VALE.N,600027.SH,600780.SH,000557.SZ,600989.SH,600578.SH,ZC.CZC,JM.DCE,J.DCE,I.DCE
2022-07-29,0.295455,-0.244731,-0.218157,0.3605,0.584266,0.0986531,-0.242845,0.648575,-0.0581977,-0.449055,-0.740783,0.67435,0.192406,0.0783724,-0.161868,-0.441953,-0.175656,-0.27208,-0.144699,0.430745,0.985233,0.401471,0.190765,0.209989,0.723014,-0.430993,0.061594,-0.222116,1.06534,1.05856,0.144248,-0.431924,1.15778,0.619452,0.433925,-0.107555,0.592202,0.126194,-0.704592,-0.556637,-0.48547
2022-08-01,0.295455,-0.244731,-0.218157,0.3605,0.584266,0.0986531,-0.242845,0.648575,-0.0581977,-0.525666,-0.632298,0.67435,0.192406,0.0783724,-0.161868,-0.441953,-0.175656,-0.27208,-0.144699,0.430745,0.985233,0.401471,0.190765,0.209989,0.723014,-0.430993,0.061594,-0.222116,1.06534,1.05856,0.144248,-0.431924,1.15778,0.619452,0.433925,-0.107555,0.592202,0.126194,-0.704592,-0.556637,-0.48547
2022-08-02,0.295455,-0.244731,-0.218157,0.3605,0.584266,0.0986531,-0.242845,0.648575,-0.0581977,-0.790704,-0.803126,0.67435,0.192406,0.0783724,-0.161868,-0.441953,-0.175656,-0.27208,-0.144699,0.430745,0.985233,0.401471,0.190765,0.209989,0.723014,-0.430993,0.061594,-0.222116,1.06534,1.05856,0.144248,-0.431924,1.15778,0.619452,0.433925,-0.107555,0.592202,0.126194,-0.704592,-0.556637,-0.48547
2022-08-05,0.295455,-0.244731,-0.218157,0.3605,0.584266,0.0986531,-0.242845,0.648575,-0.0581977,-0.534207,-0.458334,0.67435,0.192406,0.0783724,-0.161868,-0.441953,-0.175656,-0.27208,-0.144699,0.430745,0.985233,0.401471,0.190765,0.209989,0.723014,-0.430993,0.061594,-0.222116,1.06534,1.05856,0.144248,-0.431924,1.15778,0.619452,0.433925,-0.107555,0.592202,0.126194,-0.704592,-0.556637,-0.48547
2022-08-08,0.295455,-0.244731,-0.218157,0.3605,0.584266,0.0986531,-0.242845,0.648575,-0.0581977,-0.249978,-0.222483,0.67435,0.192406,0.0783724,-0.161868,-0.441953,-0.175656,-0.27208,-0.144699,0.430745,0.985233,0.401471,0.190765,0.209989,0.723014,-0.430993,0.061594,-0.222116,1.06534,1.05856,0.144248,-0.431924,1.15778,0.619452,0.433925,-0.107555,0.592202,0.126194,-0.704592,-0.556637,-0.48547
2022-08-09,0.295455,-0.244731,-0.218157,0.3605,0.584266,0.0986531,-0.242845,0.648575,-0.0581977,-0.358092,-0.0289324,0.67435,0.192406,0.0783724,-0.161868,-0.441953,-0.175656,-0.27208,-0.144699,0.430745,0.985233,0.401471,0.190765,0.209989,0.723014,-0.430993,0.061594,-0.222116,1.06534,1.05856,0.144248,-0.431924,1.15778,0.619452,0.433925,-0.107555,0.592202,0.126194,-0.704592,-0.556637,-0.48547
2022-08-10,0.295455,-0.244731,-0.218157,0.3605,0.584266,0.0986531,-0.242845,0.648575,0.152888,-0.263044,0.102498,0.67435,0.192406,0.0783724,-0.161868,-0.441953,-0.175656,-0.27208,-0.144699,0.430745,0.985233,0.401471,0.190765,0.209989,0.723014,-0.430993,0.061594,-0.222116,1.06534,1.05856,0.144248,-0.372584,1.15778,0.619452,0.433925,-0.107555,0.592202,0.126194,-0.704592,-0.556637,-0.48547
2022-08-11,0.295455,-0.244731,-0.218157,0.3605,0.584266,0.0986531,-0.242845,0.648575,0.0993812,-0.284507,0.103268,0.67435,0.192406,0.0783724,-0.161868,-0.441953,-0.175656,-0.27208,-0.144699,0.430745,0.985233,0.401471,0.190765,0.112616,0.723014,-0.430993,0.061594,-0.222116,1.06534,1.05856,0.144248,-0.376405,1.15778,0.619452,0.433925,-0.107555,0.592202,0.126194,-0.704592,-0.556637,-0.48547
2022-08-12,0.295455,-0.244731,-0.102886,0.3605,0.584266,0.0986531,-0.242845,0.648575,0.193695,-0.284507,0.103268,0.67435,0.192406,0.0783724,-0.161868,-0.441953,-0.175656,-0.27208,-0.144699,0.430745,0.985233,0.401471,0.190765,0.294103,0.723014,-0.430993,0.061594,-0.222116,1.06534,1.05856,0.144248,-0.495283,1.15778,0.619452,0.433925,-0.107555,0.592202,0.126194,-0.704592,-0.556637,-0.48547
2022-08-15,0.295455,-0.244731,-0.0685924,0.3605,0.584266,0.0986531,-0.242845,0.648575,0.0278356,-0.291239,0.113739,0.67435,0.192406,0.0783724,-0.161868,-0.441953,-0.175656,-0.27208,-0.144699,0.430745,0.985233,0.401471,0.190765,0.296707,0.723014,-0.430993,0.061594,-0.222116,1.06534,1.05856,0.144248,-0.731795,1.15778,0.619452,0.433925,-0.107555,0.592202,0.126194,-0.704592,-0.556637,-0.48547
2022-08-16,0.332398,-0.181045,-0.0496517,0.406239,0.572398,0.0481521,-0.294231,0.638708,0.184716,-0.291239,0.113739,0.707459,0.28237,0.201983,0.108192,-0.291891,-0.0583786,-0.243735,-0.0893079,0.444796,1.03339,0.515333,0.114993,0.332419,0.704673,-0.320034,0.0436227,-0.138352,1.07081,0.875419,0.0702566,-0.558342,1.18923,0.74518,0.516596,-0.144109,0.640664,0.126194,-0.499802,-0.350739,-0.287741
2022-08-17,0.347042,-0.09251,-0.0648441,0.362849,0.586061,-0.0241161,-0.291074,0.621442,0.126577,-0.634498,-0.0155622,0.676557,0.214309,0.225001,0.34329,-0.310975,-0.0663818,-0.238659,-0.0625339,0.335253,1.01678,0.565656,0.162087,0.385844,0.735007,-0.349437,0.0329859,-0.150783,1.04133,0.900857,0.0691557,-0.964061,1.17259,0.732324,0.558011,-0.0635362,0.732506,0.232633,-0.614541,-0.530568,-0.545223
2022-08-18,0.153553,-0.436386,0.0448745,0.140377,0.463992,-0.120523,-0.492515,0.444886,0.419357,-0.634498,-0.0155622,0.492942,0.125026,-0.0597855,0.155195,-0.725593,-0.410258,-0.412743,-0.279247,0.140421,0.765723,0.351036,-0.0584824,0.339443,0.747416,-0.525859,-0.163748,-0.243353,0.886631,0.444819,-0.0823189,-0.964061,1.17695,0.68532,0.300628,-0.25228,0.606552,0.141855,-0.692585,-0.685282,-0.661156
2022-08-19,0.22246,-0.197429,0.0454647,0.215871,0.591257,-0.147492,-0.553992,0.445065,0.433942,-0.744537,-0.0857842,0.578508,0.26867,0.043819,0.303737,-0.616356,-0.315626,-0.322804,-0.126995,0.169205,1.02269,0.505816,0.297469,0.380797,0.645201,-0.460174,-0.198777,-0.2968,0.918511,0.661993,0.205521,-1.04176,1.42382,0.864141,0.33943,-0.415958,0.708208,0.142939,-0.989203,-0.75864,-0.691025
2022-08-22,0.245175,-0.252262,-0.032328,0.420238,0.56733,0.101226,0.135814,0.149106,0.235904,-0.744314,-0.225072,0.605204,0.37732,0.162751,0.449088,-0.600529,-0.0237827,-0.284261,-0.0332422,0.441607,1.11006,0.761143,0.472644,0.0852627,0.749345,-0.399088,0.104865,0.131182,0.854075,0.627172,0.403853,-1.24242,1.40441,1.21993,0.500698,-0.16753,0.708604,-0.184151,-0.647232,-0.591493,-0.56811
2022-08-23,0.258806,-0.2283,-0.0517864,0.395073,0.599586,-0.0195563,-0.121243,0.168932,0.22041,-0.66899,-0.202481,0.631217,0.235571,0.112084,0.45435,-0.47996,-0.0838882,-0.303804,0.00356851,0.481186,1.04525,0.587482,0.399293,0.0159147,0.773563,-0.184876,0.0573263,0.00965676,0.853827,0.756255,0.359934,-0.891412,1.3122,1.19143,0.668381,-0.0101892,0.589151,-0.204203,-0.667969,-0.771182,-0.581976
2022-08-24,0.059397,-0.266315,-0.117265,0.200635,0.439633,-0.169285,-0.158597,0.113793,0.157379,-0.664898,-0.202481,0.496,0.0756472,0.104146,0.286258,-0.478431,-0.201452,-0.291805,-0.128358,0.296035,0.846711,0.349079,0.211777,0.00578541,0.609598,-0.318526,-0.114724,-0.0342169,0.846514,0.786278,0.378957,-1.0385,1.21509,1.03792,0.90858,-0.270353,0.479577,0.0924178,-0.666369,-0.74719,-0.468653
2022-08-25,0.178431,-0.101487,-0.149579,0.383974,0.717198,-0.36412,0.00771896,0.153748,0.236887,-0.74342,-0.141486,0.666986,0.144913,0.314282,0.393741,-0.300284,-0.027171,-0.231859,0.0273177,0.598778,0.89129,0.463517,0.570401,-0.0136021,0.619528,-0.0901553,-0.169721,-0.158261,0.778232,0.70916,0.552066,-1.07745,1.37663,0.789485,1.06468,-0.373527,0.514912,0.0639538,-0.745322,-0.796707,-0.626497
2022-08-26,0.0812319,-0.130989,-0.186941,0.358307,0.680898,-0.395304,0.0154271,0.172505,0.228981,-0.74342,-0.141486,0.518166,0.13814,0.348213,0.271484,-0.446572,-0.139181,-0.356808,-0.0618538,0.51405,0.943366,0.472246,0.539664,-0.125067,0.619528,-0.0424922,-0.22693,-0.143561,0.626077,0.843445,0.487946,-1.10318,1.43449,0.591967,1.30259,-0.373527,0.514912,-0.253453,-0.611392,-0.711676,-0.492214
2022-08-29,0.163057,0.186547,-0.00428458,0.272648,0.81767,-1.09657,0.01741,0.116282,0.288593,-0.589764,0.0383225,0.653785,-0.0468924,0.331223,0.377739,-0.114879,-0.00212549,-0.229927,0.252793,0.622831,0.96415,0.259307,0.479339,0.0641513,0.692444,0.0212566,-0.404755,-0.152948,0.758738,0.734169,0.336278,-1.14997,1.24199,0.14839,0.527322,-0.477201,0.382891,-0.373607,-0.869927,-1.01096,-0.678952
2022-08-30,-0.0711587,0.207303,-0.239222,-0.202652,0.518096,-1.29418,0.0785624,0.0784189,-0.0761542,-0.732223,-0.160062,0.409883,-0.271271,0.10205,0.147794,-0.453567,-0.318596,-0.364027,-0.00329316,0.359441,0.773733,0.179462,0.456668,-0.0498216,0.6329,-0.124193,-0.514547,-0.250278,0.635606,0.809538,0.362672,-1.36453,1.21084,0.357864,0.468731,-0.552844,0.353821,0.17874,-1.08069,-1.19131,-0.852775
2022-08-31,-0.0881487,0.197728,-0.224692,0.138611,0.649337,-1.49582,0.0870552,-0.117034,-0.145095,-1.08105,-0.2837,0.529472,-0.424904,0.0977319,0.040981,-0.454402,-0.263825,-0.327692,0.032228,0.365127,0.984314,0.0460101,0.64405,-0.147892,0.431645,-0.184029,-0.667347,-0.316859,0.498038,0.772459,0.388726,-1.53637,1.17124,0.386664,0.0178178,-0.624092,0.256427,0.440175,-1.11991,-1.28578,-0.937103
2022-09-01,-0.0283621,0.288735,-0.306336,0.269754,0.747579,-1.51481,0.00198325,-0.137139,-0.194662,-1.07478,-0.446635,0.728567,-0.49879,0.185279,0.0974422,-0.350504,-0.247367,-0.234611,0.129625,0.465337,1.11913,-0.0744465,0.769527,0.0308432,0.388213,-0.104115,-0.728194,-0.333647,0.71257,0.782594,0.295382,-1.58641,1.14658,0.363849,0.285439,-0.679205,0.199213,-0.256645,-1.19495,-1.33151,-0.978628
2022-09-02,-0.129595,0.417941,-0.307257,0.185404,0.72255,-1.49687,-0.125128,-0.137519,-0.214827,-1.13963,-0.320045,0.673281,-0.452019,0.0992551,0.0819779,-0.437011,-0.324171,-0.286981,0.0604875,0.446377,1.24332,-0.0375381,0.889106,0.0907246,0.470064,-0.113656,-0.693259,-0.333611,0.721663,0.874755,0.41961,-1.58044,1.26386,0.414887,0.259494,-0.706734,0.267939,-0.257093,-1.14326,-1.29822,-1.01434
2022-09-05,-0.176091,0.443032,-0.292231,-0.0691891,0.942898,-1.6796,-0.133291,-0.116231,-0.214827,-1.13963,-0.320045,0.754393,-0.448329,0.0628947,0.0278637,-0.37942,-0.395177,-0.121131,0.219885,0.426869,1.54107,0.073713,0.863131,0.0907246,0.608105,0.0545295,-0.168949,-0.345737,0.834835,0.817398,0.527082,-1.50373,1.41154,0.465302,0.512139,-0.649408,0.479288,-0.153201,-1.15028,-1.25058,-0.873757
2022-09-06,-0.343038,0.290476,-0.292231,-0.0954932,0.711645,-1.38296,-0.065367,-0.171272,-0.214827,-1.13963,-0.320045,0.658746,-0.778605,-0.0335098,-0.0751241,-0.326565,-0.495336,-0.240003,0.0309135,0.287818,1.6105,0.0177707,0.895748,0.0907246,0.605229,-0.157643,-0.00898761,-0.302594,0.802502,0.79208,0.640133,-1.50373,1.52502,0.435687,0.578563,-0.680324,0.537005,-0.178165,-1.25704,-1.31932,-0.869444
2022-09-07,-0.394446,0.22708,-0.269378,-0.299106,0.736283,-1.35288,-0.028627,-0.0957602,-0.228195,-1.11669,0.0668601,0.564658,-0.884514,-0.0459937,-0.0776491,-0.285336,-0.509762,-0.233863,0.0279728,0.269321,1.70821,0.208966,0.86993,0.542133,0.755241,-0.141381,-0.0365579,-0.516958,0.567348,0.729431,1.0883,-1.29623,1.80551,0.740506,0.552189,-0.756421,0.583099,0.42525,-1.26057,-1.32092,-0.919408
2022-09-08,-0.543279,0.245005,-0.348641,-0.419585,0.677043,-1.41181,-0.00380411,-0.191074,-0.334667,-1.11669,0.290207,0.479295,-0.960158,-0.190281,-0.250886,-0.356582,-0.538938,-0.269495,-0.122987,0.212201,1.79099,0.0915205,0.754354,0.487191,0.333728,-0.21543,-0.236567,-0.576581,0.269143,0.767097,1.06412,-1.24582,1.67006,0.656429,0.699069,-0.906062,0.520371,0.463001,-1.18345,-1.23019,-0.765778
2022-09-09,-0.514305,0.579991,-0.256706,-0.356972,0.67293,-1.33401,0.0936966,-0.151975,-0.256014,-1.01717,0.405385,0.515207,-1.0277,-0.148746,-0.229303,-0.285435,-0.478291,-0.221542,-0.113447,0.333237,1.81048,0.0844119,0.65707,0.550964,0.245098,-0.148472,-0.246368,-0.53576,0.260555,0.792887,1.06857,-0.813937,1.72608,0.612855,0.566625,-0.964771,0.447212,0.46372,-1.12467,-1.17359,-0.715895
2022-09-12,-0.545441,0.562048,-0.0806035,-0.194172,0.809835,-1.20477,0.0,-0.171737,0.0240128,-0.799497,0.538557,0.449285,-0.794419,-0.0920547,-0.146644,-0.436003,-0.40469,-0.139021,-0.170593,0.121369,1.87861,-0.157313,0.641127,1.30887,0.284952,-0.0635413,-0.366341,-0.345431,-0.565366,0.762414,1.29624,-0.507251,1.63853,0.60602,0.628495,-1.00461,0.412424,0.514986,-0.88509,-0.940582,-0.55782
2022-09-13,-0.545441,0.562048,-0.152451,-0.194172,0.809835,-1.20477,0.0,-0.171737,-0.144252,-0.892996,0.0323344,0.449285,-0.794419,-0.0920547,-0.146644,-0.436003,-0.40469,-0.139021,-0.170593,0.121369,1.87861,-0.157313,0.641127,1.26012,0.284952,-0.0635413,-0.366341,-0.345431,-0.565366,0.762414,1.29624,-0.506128,1.63853,0.60602,0.628495,-1.00461,0.412424,0.524026,-0.88509,-0.940582,-0.55782
2022-09-14,-0.400231,0.528299,-0.152451,-0.280993,0.952105,-1.2374,-0.0183658,-0.202053,-0.144252,-0.892996,0.0323344,0.568294,-0.860402,0.0579473,0.00889543,-0.256127,-0.187033,-0.00568041,-0.00351464,0.33514,1.93028,-0.149274,0.604764,1.26012,0.365169,0.0466672,-0.416894,-0.443494,-0.376287,0.791831,1.15793,-0.506128,1.64728,0.591013,0.499427,-0.939497,0.326491,0.410956,-0.836648,-0.918294,-0.594637
2022-09-15,-0.380455,0.347891,-0.246382,-0.0810103,0.913857,-1.35787,-0.140456,-0.303564,-0.144252,-0.892996,0.0323344,0.52736,-1.14114,0.278216,-0.0641936,-0.15353,0.0714752,-0.0193776,0.0250428,0.34094,1.81579,-0.0683756,0.509353,1.06428,0.246975,-0.0094401,-0.516534,-0.518548,-0.368625,0.575325,1.04787,-0.506128,1.56359,0.529188,0.450426,-1.11394,0.284982,0.35702,-0.722779,-0.778197,-0.431797
2022-09-16,-0.536493,0.246686,-0.246382,-0.204432,0.74864,-1.55453,-0.207693,-0.451489,-0.144252,-0.892996,0.0323344,0.278707,-1.30378,0.0462555,-0.233602,-0.369599,-0.099698,-0.182688,-0.17166,0.149635,1.52992,-0.331063,0.300541,1.06428,0.0976251,-0.104869,-0.767268,-0.604654,-0.567699,0.445149,0.907995,-0.506128,1.48809,0.369512,0.3613,-1.21758,0.102843,0.357035,-0.729871,-0.810155,-0.467745
2022-09-19,-0.231435,0.355134,-0.10788,-0.0358969,1.09258,-1.41183,0.171926,-0.834351,-0.250694,-1.06192,0.11505,0.487123,-1.35131,0.432999,-0.0141835,-0.020535,0.338833,0.0374677,0.127969,0.415106,1.26567,-0.472227,0.324685,0.989443,-0.0367651,0.195224,-0.601396,-0.316863,-0.586724,0.183837,0.407881,-0.286205,1.29187,0.350144,0.158439,-0.876486,-0.0678614,0.413562,-0.415243,-0.446606,-0.206291
2022-09-20,-0.08972,0.446002,0.0110986,0.089003,1.19263,-1.11042,0.268207,-1.28135,-0.0315403,-0.851566,0.166181,0.54877,-1.11903,0.631524,0.189787,0.153129,0.546228,0.0734216,0.238294,0.386588,1.24963,-0.226309,0.352722,0.832611,0.115996,0.230229,-0.423293,-0.238593,-0.825062,0.221719,0.399804,-0.280195,1.33788,0.483029,0.229955,-0.288954,0.0671766,0.402589,-0.393118,-0.349609,-0.0674005
