,neoname,neonickname,neocode,与数据库代码一致,qgdbscode,qgdbsname
36,中通快递,,ZTO.N,True,ZTO.N,中通快递
339,ZOOM,,ZM.O,True,ZM.O,Zoom Video通讯
103,Zillow,,ZG.O,True,ZG.O,Zillow Group A
100,小鹏汽车,,XPEV.N,True,XPEV.N,小鹏汽车
291,埃克森美孚,,XOM.N,True,XOM.N,埃克森美孚
221,美国钢铁,,X.N,True,X.N,美国钢铁
439,沃尔玛 WALMART.INC,,WMT.N,True,WMT.N,沃尔玛
67,威廉姆斯,,WMB.N,True,WMB.N,威廉姆斯
400,"Warner Bros.
Discovery",,WBD.O,True,WBD.O,Warner Bros
435,WayFair,,W.N,True,W.N,Wayfair
404,Verizon,,VZ.N,True,VZ.N,威瑞森通信
194,朱砂能源,,VET.N,True,VET.N,朱砂能源公司
42,UPSTART,,UPST.O,True,UPST.O,Upstart
46,Unity Software,,U.N,True,U.N,Unity
263,特斯拉,,TSLA.O,True,TSLA.O,特斯拉
440,腾讯音乐,,TME.N,True,TME.N,腾讯音乐
403,AT&T,,T.N,True,T.N,美国电话电报
197,南非萨索尔,,SSL.N,True,SSL.N,南非萨索尔
43,Spotify,,SPOT.N,True,SPOT.N,Spotify Technology
135,SNAP,,SNAP.N,True,SNAP.N,Snap
406,美国二氧化硅（US Silica）,,SLCA.N,True,SLCA.N,U.S. Silica控股
306,斯伦贝谢,,SLB.N,True,SLB.N,斯伦贝谢
364,Shopify,,SHOP.N,True,SHOP.N,Shopify
301,壳牌,,SHEL.N,True,SHEL.N,壳牌
47,SEA,,SE.N,True,SE.N,冬海集团
196,山脉资源集团,,RRC.N,True,RRC.N,Range资源
55,ROKU,,ROKU.O,True,ROKU.O,Roku
45,Roblox,,RBLX.N,True,RBLX.N,Roblox
41,PELOTON INTERACTIVE,,PTON.O,True,PTON.O,Peloton Interactive
38,拼多多,,PDD.O,True,PDD.O,拼多多
292,巴西石油,,PBR.N,True,PBR.N,巴西石油
185,加拿大能源,,OVV.N,True,OVV.N,Ovintiv
0,绿洲石油,绿洲石油,OAS.O,True,OAS.O,绿洲石油
22,英伟达,,NVDA.O,True,NVDA.O,英伟达
19,Nutrien,,NTR.N,True,NTR.N,Nutrien
262,蔚来,,NIO.N,True,NIO.N,蔚来
56,Netflix,,NFLX.O,True,NFLX.O,奈飞
48,Match,,MTCH.O,True,MTCH.O,Match Group
223,Microsoft,微软,MSFT.O,True,MSFT.O,微软
293,马拉松石油,,MRO.N,True,MRO.N,马拉松石油
109,马拉松原油,,MPC.N,True,MPC.N,马拉松原油
384,利安德巴塞尔工业,,LYB.N,True,LYB.N,利安德巴塞尔
39,京东,,JD.O,True,JD.O,京东
20,无畏钾肥,,IPI.N,True,IPI.N,Intrepid Potash
24,英特尔,,INTC.O,True,INTC.O,英特尔
305,哈利伯顿,,HAL.N,True,HAL.N,哈里伯顿
224,Google,谷歌,GOOGL.O,True,GOOGL.O,谷歌A
445,谷歌,,GOOG.O,True,GOOG.O,谷歌C
398,FUBO,,FUBO.N,True,FUBO.N,fuboTV
399,FOX,,FOX.O,True,FOX.O,福克斯B
49,Meta,,FB.O,True,FB.O,Meta
37,Etsy,,ETSY.O,True,ETSY.O,Etsy
388,Equinox Gold Corp,,EQX.A,True,EQX.A,Equinox Gold
423,Enphase Energy,,ENPH.O,True,ENPH.O,Enphase能源
412,意大利国家电力,,ENIA.N,True,ENIA.N,奈尔西斯
303,戴文能源,,DVN.N,True,DVN.N,戴文能源
402,Dish Network,,DISH.O,True,DISH.O,Dish Network
33,滴滴,,DIDI.N,True,DIDI.N,滴滴
31,叮咚买菜,,DDL.N,True,DDL.N,叮咚买菜
385,陶氏杜邦,,DD.N,True,DD.N,陶氏杜邦
438,达达集团,,DADA.O,True,DADA.O,达达
302,雪佛龙,,CVX.N,True,CVX.N,雪佛龙
154,阿特斯太阳能,,CSIQ.O,True,CSIQ.O,阿特斯太阳能
106,Costar,科斯塔,CSGP.O,True,CSGP.O,科斯塔
295,康菲石油,,COP.N,True,COP.N,康菲石油
441,coinbase,,COIN.O,True,COIN.O,Coinbase Global
195,加拿大自然资源,,CNQ.N,True,CNQ.N,加拿大自然资源
405,Comcast,,CMCSA.O,True,CMCSA.O,康卡斯特A
16,卡梅科,,CCJ.N,True,CCJ.N,加拿大铀矿
193,皮博迪能源公司（Peabody）,,BTU.N,True,BTU.N,皮博迪能源
434,百时美施贵宝,,BMY.N,True,BMY.N,百时美施贵宝
307,贝克休斯,,BKR.O,True,BKR.O,Baker Hughes
54,哔哩哔哩,,BILI.O,True,BILI.O,哔哩哔哩
29,百度,,BIDU.O,True,BIDU.O,百度
28,阿里巴巴,,BABA.N,True,BABA.N,阿里巴巴
44,Applovin,,APP.O,True,APP.O,Applovin
25,亚马逊,,AMZN.O,True,AMZN.O,亚马逊
61,Alpha Metallurgical Resources,,AMR.N,True,AMR.N,Alpha Metallurgical
23,AMD,,AMD.O,True,AMD.O,AMD
170,苹果,,AAPL.O,True,AAPL.O,苹果
283,中芯国际,,688981.SH,True,688981.SH,中芯国际
233,上声电子,,688533.SH,True,688533.SH,上声电子
421,固德威,,688390.SH,True,688390.SH,固德威
311,迪威尔,,688377.SH,True,688377.SH,迪威尔
417,东微半导,,688261.SH,True,688261.SH,东微半导
426,上海谊众,,688091.SH,True,688091.SH,上海谊众
416,禾迈股份,,688032.SH,True,688032.SH,禾迈股份
89,上海沿浦,,605128.SH,True,605128.SH,上海沿浦
424,白云电器,,603861.SH,True,603861.SH,白云电器
255,坤彩科技,,603826.SH,True,603826.SH,坤彩科技
242,岱美股份,,603730.SH,True,603730.SH,岱美股份
169,畅联股份,,603648.SH,True,603648.SH,畅联股份
250,伯特利,,603596.SH,True,603596.SH,伯特利
97,文灿股份,,603348.SH,True,603348.SH,文灿股份
96,旭升股份,,603305.SH,True,603305.SH,旭升股份
199,新凤鸣,,603225.SH,True,603225.SH,新凤鸣
442,赛伍技术,,603212.SH,True,603212.SH,赛伍技术
284,江化微,,603078.SH,True,603078.SH,江化微
107,和邦生物,,603077.SH,True,603077.SH,和邦生物
281,中煤能源,,601898.SH,True,601898.SH,中煤能源
319,福莱特,,601865.SH,True,601865.SH,福莱特
290,中国石油,,601857.SH,True,601857.SH,中国石油
337,上海电气,,601727.SH,True,601727.SH,上海电气
269,郑煤机,,601717.SH,True,601717.SH,郑煤机
276,潞安环能,,601699.SH,True,601699.SH,潞安环能
322,中国建筑,,601668.SH,True,601668.SH,中国建筑
278,平煤股份,,601666.SH,True,601666.SH,平煤股份
200,桐昆股份,,601233.SH,True,601233.SH,桐昆股份
274,陕西煤业,,601225.SH,True,601225.SH,陕西煤业
312,兴业银行,,601166.SH,True,601166.SH,兴业银行
179,新城控股,,601155.SH,True,601155.SH,新城控股
280,中国神华,,601088.SH,True,601088.SH,中国神华
414,隆基股份,,601012.SH,True,601012.SH,隆基绿能
350,晋控煤业,,601001.SH,True,601001.SH,晋控煤业
315,重庆建工,,600939.SH,True,600939.SH,重庆建工
298,中国海油,,600938.SH,True,600938.SH,中国海油
354,国投电力,,600886.SH,True,600886.SH,国投电力
87,宏发股份,,600885.SH,True,600885.SH,宏发股份
338,上海机电,,600835.SH,True,600835.SH,上海机电
296,马钢股份,,600808.SH,True,600808.SH,马钢股份
329,华新水泥,,600801.SH,True,600801.SH,华新水泥
321,福耀玻璃,,600660.SH,True,600660.SH,福耀玻璃
121,老凤祥,,600612.SH,True,600612.SH,老凤祥
317,绿地控股,,600606.SH,True,600606.SH,绿地控股
141,新安股份,,600596.SH,True,600596.SH,新安股份
331,海螺水泥,,600585.SH,True,600585.SH,海螺水泥
116,厦门钨业,,600549.SH,True,600549.SH,厦门钨业
140,扬农化工,,600486.SH,True,600486.SH,扬农化工
168,华鲁恒升,,600426.SH,True,600426.SH,华鲁恒升
131,青海春天,,600381.SH,True,600381.SH,青海春天
393,恒力石化,,600346.SH,True,600346.SH,恒力石化
432,恒瑞医药,,600276.SH,True,600276.SH,恒瑞医药
425,长城电工,,600192.SH,True,600192.SH,长城电工
164,兖矿能源,,600188.SH,True,600188.SH,兖矿能源
320,中国巨石,,600176.SH,True,600176.SH,中国巨石
66,建发股份,,600153.SH,True,600153.SH,建发股份
104,兴发集团,,600141.SH,True,600141.SH,兴发集团
13,金健米业,,600127.SH,True,600127.SH,金健米业
4,兰花科创,,600123.SH,True,600123.SH,兰花科创
266,上汽集团,,600104.SH,True,600104.SH,上汽集团
58,厦门象屿,,600057.SH,True,600057.SH,厦门象屿
175,保利发展,,600048.SH,True,600048.SH,保利发展
313,招商银行,,600036.SH,True,600036.SH,招商银行
314,浦发银行,,600000.SH,True,600000.SH,浦发银行
411,中国能源建设,,3996.HK,True,3996.HK,中国能源建设
30,美团点评,,3690.HK,True,3690.HK,美团-W
7,兖煤澳大利亚,,3668.HK,True,3668.HK,兖煤澳大利亚
334,建研设计,,301167.SZ,True,301167.SZ,建研设计
139,润丰股份,,301035.SZ,True,301035.SZ,润丰股份
11,金龙鱼,,300999.SZ,True,300999.SZ,金龙鱼
419,上能电气,,300827.SZ,True,300827.SZ,上能电气
420,锦浪科技,,300763.SZ,True,300763.SZ,锦浪科技
443,迈为股份,,300751.SZ,True,300751.SZ,迈为股份
333,汉嘉设计,,300746.SZ,True,300746.SZ,汉嘉设计
332,筑博设计,,300564.SZ,True,300564.SZ,筑博设计
323,三环集团,,300408.SZ,True,300408.SZ,三环集团
397,宝色股份,,300402.SZ,True,300402.SZ,宝色股份
147,晶盛机电,,300316.SZ,True,300316.SZ,晶盛机电
88,新莱应材,,300260.SZ,True,300260.SZ,新莱应材
304,通源石油,,300164.SZ,True,300164.SZ,通源石油
272,荃银高科,,300087.SZ,True,300087.SZ,荃银高科
177,中海物业,,2669.HK,True,2669.HK,中海物业
40,京东物流,,2618.HK,True,2618.HK,京东物流
410,中国电力,,2380.HK,True,2380.HK,中国电力
433,绿叶制药,,2186.HK,True,2186.HK,绿叶制药
180,碧桂园,,2007.HK,True,2007.HK,碧桂园
413,新特能源,,1799.HK,True,1799.HK,新特能源
57,易大宗,,1733.HK,True,1733.HK,易大宗
70,中国有色矿业,,1258.HK,True,1258.HK,中国有色矿业
53,快手,,1024.HK,True,1024.HK,快手-W
71,中国海洋石油,,0883.HK,True,0883.HK,中国海洋石油
99,力劲科技,,0558.HK,True,0558.HK,力劲科技
415,彩虹新能源,,0438.HK,True,0438.HK,彩虹新能源
289,中国石化,,0386.HK,True,0386.HK,中国石油化工股份
21,中国燃气,,0384.HK,True,0384.HK,中国燃气
409,南网能源,,003035.SZ,True,003035.SZ,南网能源
15,道道全,,002852.SZ,True,002852.SZ,道道全
429,鹭燕药业,,002788.SZ,True,002788.SZ,鹭燕医药
386,国恩股份,,002768.SZ,True,002768.SZ,国恩股份
225,索菱股份,,002766.SZ,True,002766.SZ,索菱股份
257,蓝黛科技,,002765.SZ,True,002765.SZ,蓝黛科技
90,中矿资源,,002738.SZ,True,002738.SZ,中矿资源
351,电光科技,,002730.SZ,True,002730.SZ,电光科技
206,天赐材料,,002709.SZ,True,002709.SZ,天赐材料
327,龙泉股份,,002671.SZ,True,002671.SZ,龙泉股份
383,卫星化学,,002648.SZ,True,002648.SZ,卫星化学
10,赞宇科技,,002637.SZ,True,002637.SZ,赞宇科技
316,ST围海,,002586.SZ,True,002586.SZ,*ST围海
143,东方铁塔,,002545.SZ,True,002545.SZ,东方铁塔
192,雅化集团,,002497.SZ,True,002497.SZ,雅化集团
394,荣盛石化,,002493.SZ,True,002493.SZ,荣盛石化
328,青龙管业,,002457.SZ,True,002457.SZ,青龙管业
395,天原股份,,002386.SZ,True,002386.SZ,天原股份
59,滨江集团,,002244.SZ,True,002244.SZ,滨江集团
201,江特电机,,002176.SZ,True,002176.SZ,江特电机
270,登海种业,,002141.SZ,True,002141.SZ,贤丰控股
35,韵达股份,,002120.SZ,True,002120.SZ,韵达股份
95,广东鸿图,,002101.SZ,True,002101.SZ,广东鸿图
174,招商蛇口,,001979.SZ,True,001979.SZ,招商蛇口
273,隆平高科,,000998.SZ,True,000998.SZ,隆平高科
62,大庆华科,,000985.SZ,True,000985.SZ,大庆华科
184,首钢股份,,000959.SZ,True,000959.SZ,首钢股份
83,华菱钢铁,,000932.SZ,True,000932.SZ,华菱钢铁
102,新洋丰,,000902.SZ,True,000902.SZ,新洋丰
142,亚钾国际,,000893.SZ,True,000893.SZ,亚钾国际
75,云南铜业,,000878.SZ,True,000878.SZ,云南铜业
330,天山股份,,000877.SZ,True,000877.SZ,天山股份
110,冰轮环境,,000811.SZ,True,000811.SZ,冰轮环境
183,盐湖股份,,000792.SZ,True,000792.SZ,盐湖股份
198,恒逸石化,,000703.SZ,True,000703.SZ,恒逸石化
14,西王食品,,000639.SZ,True,000639.SZ,西王食品
326,ST万方,,000638.SZ,True,000638.SZ,*ST万方
325,渝三峡A,,000565.SZ,True,000565.SZ,渝三峡A
286,泰山石油,,000554.SZ,True,000554.SZ,泰山石油
335,徐工机械,,000425.SZ,True,000425.SZ,徐工机械
208,多氟多,,000407.SZ,True,000407.SZ,胜利股份
336,中联重科,,000157.SZ,True,000157.SZ,中联重科
396,华锦股份,,000059.SZ,True,000059.SZ,华锦股份
176,万科A,,000002.SZ,True,000002.SZ,万科A
379,UPS,,,False,UPST.O,Upstart
288,太阳石油,,,False,SUN.N,太阳石油
407,Smart Sand,,,False,SND.O,Smart Sand
171,索尼,,,False,SAH.N,索尼克汽车
287,先锋自然资源,,,False,PXD.N,先锋自然资源
68,西方石油,,,False,OXY.N,西方石油
239,李尔,,,False,LEA.N,李尔
370,前线海运,,,False,FRO.N,前线海运
341,EQT,,,False,EQT.N,EQT能源
401,迪士尼,,,False,DIS.N,迪士尼
69,道明尼能源,,,False,D.N,道明尼能源
374,Bigcommerce,,,False,BIGC.O,Bigcommerce Holdings
173,碧迪,,,False,BDX.N,碧迪医疗
187,ABY,,,False,BBLN.N,Babylon Holdings
105,Rocket,,,False,AJRD.N,Aerojet Rocketdyne
436,Acme,,,False,ACU.A,Acme联合
222,美国铝业,,,False,AA.N,美国铝业
260,小鹏,,,False,9868.HK,小鹏汽车-W
210,贝特瑞,,,False,835185.BJ,贝特瑞
215,杭可科技,,,False,688006.SH,杭可科技
78,华达新材,,,False,605158.SH,华达新材
243,继峰股份,,,False,603997.SH,继峰股份
308,道森股份,,,False,603800.SH,道森股份
213,璞泰来,,,False,603659.SH,璞泰来
231,保隆科技,,,False,603197.SH,保隆科技
240,天成自控,,,False,603085.SH,天成自控
209,石大胜华,,,False,603026.SH,石大胜华
244,北特科技,,,False,603009.SH,北特科技
366,招商南油,,,False,601975.SH,招商南油
359,招商轮船,,,False,601872.SH,招商轮船
299,中海油服,,,False,601808.SH,中海油服
253,拓普集团,,,False,601689.SH,拓普集团
136,三星,,,False,601567.SH,三星医疗
118,白银有色,,,False,601212.SH,白银有色
126,西部矿业,,,False,601168.SH,西部矿业
252,赛轮轮胎,,,False,601058.SH,赛轮轮胎
113,大秦铁路,,,False,601006.SH,大秦铁路
297,海油发展,,,False,600968.SH,海油发展
203,杉杉股份,,,False,600884.SH,杉杉股份
133,江中药业,,,False,600750.SH,江中药业
254,华域汽车,,,False,600741.SH,华域汽车
77,物产中大,,,False,600704.SH,物产中大
114,山煤国际,,,False,600546.SH,山煤国际
132,贵州茅台,,,False,600519.SH,贵州茅台
125,方大炭素,,,False,600516.SH,方大炭素
277,盘江股份,,,False,600395.SH,盘江股份
84,南钢股份,,,False,600282.SH,南钢股份
124,黄河旋风,,,False,600172.SH,黄河旋风
115,北方稀土,,,False,600111.SH,北方稀土
129,云天化,,,False,600096.SH,云天化
111,三一重工,,,False,600031.SH,三一重工
346,宝钢股份,,,False,600019.SH,宝钢股份
355,中国船舶,,,False,3877.HK,中国船舶租赁
122,力量钻石,,,False,301071.SZ,力量钻石
259,宁德时代,,,False,300750.SZ,宁德时代
230,万通智控,,,False,300643.SZ,万通智控
256,朗科智能,,,False,300543.SZ,朗科智能
246,德尔股份,,,False,300473.SZ,德尔股份
212,赢合科技,,,False,300457.SZ,赢合科技
211,先导智能,,,False,300450.SZ,先导智能
214,科恒股份,,,False,300340.SZ,科恒股份
204,新宙邦,,,False,300037.SZ,新宙邦
216,亿纬锂能,,,False,300014.SZ,亿纬锂能
378,中国平安,,,False,2318.HK,中国平安
101,广汽,,,False,2238.HK,广汽集团
120,中国黄金国际,,,False,2099.HK,中国黄金国际
261,理想,,,False,2015.HK,理想汽车-W
357,中远海控,,,False,1919.HK,中远海控
134,同仁堂,,,False,1666.HK,同仁堂科技
247,耐世特,,,False,1316.HK,耐世特
365,中远海能,,,False,1138.HK,中远海能
345,石化油服,,,False,1033.HK,中石化油服
232,德赛西威,,,False,002920.SZ,德赛西威
241,华阳集团,,,False,002906.SZ,华阳集团
226,路畅科技,,,False,002813.SZ,路畅科技
202,恩捷股份,,,False,002812.SZ,恩捷股份
205,天际股份,,,False,002759.SZ,天际股份
344,仁智股份,,,False,002629.SZ,仁智股份
79,金新农,,,False,002548.SZ,金新农
237,旷达科技,,,False,002516.SZ,旷达科技
112,润邦股份,,,False,002483.SZ,润邦股份
127,天齐锂业,,,False,002466.SZ,天齐锂业
227,松芝股份,,,False,002454.SZ,松芝股份
251,万里扬,,,False,002434.SZ,万里扬
310,杰瑞股份,,,False,002353.SZ,杰瑞股份
249,亚太股份,,,False,002284.SZ,亚太股份
228,奥特佳,,,False,002239.SZ,奥特佳
63,东华能源,,,False,002221.SZ,东华能源
234,北斗星通,,,False,002151.SZ,北斗星通
348,沙钢股份,,,False,002075.SZ,沙钢股份
229,三花智控,,,False,002050.SZ,三花智控
236,天奇股份,,,False,002009.SZ,天奇股份
275,长源电力,,,False,000966.SZ,长源电力
349,鞍钢股份,,,False,000898.SZ,鞍钢股份
117,五矿稀土,,,False,000831.SZ,五矿稀土
347,河钢股份,,,False,000709.SZ,河钢股份
123,中兵红箭,,,False,000519.SZ,中兵红箭
119,兴业矿业,,,False,000426.SZ,兴业矿业
128,湖北宜化,,,False,000422.SZ,湖北宜化
267,潍柴动力,,,False,000338.SZ,潍柴动力
285,广聚能源,,,False,000096.SZ,广聚能源
376,中集集团,,,False,000039.SZ,中集集团
245,富奥股份,,,False,000030.SZ,富奥股份
220,伍德赛德能源,,WDS.N,False,,
50,新浪,,SINA.O,False,,
163,PayPal,,PAPL.O,False,,
148,连城数控,,"835368.OC
",False,,
271,垦丰种业,北大荒,831888.SZ,False,,
422,昱能科技,,699348.SH,False,,
145,奥特维,,"688516.SH
",False,,
149,京运通,,"601908.SH
",False,,
282,新疆新鑫矿业,,3833.K,False,,
418,阳光电源,,"300274,.SZ",False,,
34,顺丰同城,,09699.HK,False,,
138,紫金矿业,,02899.HK,False,,
27,小米集团,,01810.HK,False,,
51,腾讯控股,,00700.HK,False,,
157,ASM Pacific,,"00522.HK
",False,,
130,雪人股份,,003639.SZ,False,,
189,赣锋锂业,,002460.SH,False,,
153,晶澳科技,,"002459.SZ
",False,,
155,大族激光,,"002008.SZ
",False,,
279,山西焦煤,,00098.SZ,False,,
146,昊华传动,,	831602.OC,False,,
151,天合光能,,	688599.SH,False,,
156,联赢激光,,	688518.SH,False,,
152,晶科能源,,	688223.SH,False,,
167,江苏索普,,	600746.SH,False,,
86,东方日升,,	300118.SZ,False,,
352,大唐发电,,	002730.SZ,False,,
353,深圳能源,,	000027.SZ,False,,
367,Delek Logistics Partners,,,False,,
9,阿斯塔农业,Astra Agro Lestari,,False,,
93,statoil,,,False,,
363,杭州市自然资源和规划局及各分局,,,False,,
362,川崎汽船,,,False,,
361,日本邮船,,,False,,
94,淮钢特钢,,,False,,
360,商船三井,,,False,,
343,Diamond back,,,False,,
369,巴哈马超级石油海运,,,False,,
342,大陆资源,,,False,,
340,Microsoft teams,,,False,,
91,森田化工,,,False,,
356,大宇造船,,,False,,
358,马士基航运,,,False,,
92,九九久,,,False,,
368,Scorpio Tanks,,,False,,
76,江西铜矿,,,False,,
5,晋城市益兴达工贸有限公司,,,False,,
408,EOG资源,,,False,,
74,中国有色集团,,,False,,
73,马本德矿业,,,False,,
72,中色华鑫,,,False,,
65,盛顺德化工科技有限公司 ,,,False,,
64,中国石油天然气股份有限公司大庆石化分公司,,,False,,
60,大型国有钢铁集团,,,False,,
371,地中海航运,,,False,,
427,桂林辉昂生化药业,,,False,,
428,Corbion-Purac,,,False,,
430,上药云健康益药药房,,,False,,
431,江苏德元堂医药,,,False,,
52,字节跳动,,,False,,
437,Bernhardt,,,False,,
3,测试节点,,,False,,
2,phillips66,,,False,,
32,每日优选,,,False,,
444,Kranken,,,False,,
6,东平百成矿业有限公司,,,False,,
372,以星综合航运,,,False,,
373,达飞航运,,,False,,
375,STRIPE,,,False,,
377,新华昌集团,,,False,,
380,DHL,,,False,,
381,Fedex,,,False,,
382,测试公司指标,,,False,,
85,元气森林,,,False,,
98,Gateway,,,False,,
387,Facebook,,,False,,
389,惠顿贵金属公司（WPM）,,,False,,
390,猎户座矿业金融集团 (Orion Mine Finance),,,False,,
391,巴里克黄金公司,,,False,,
392,伊格尔矿业公司,,,False,,
82,东莞玖龙纸业,,,False,,
81,山东太阳纸业,,,False,,
80,金光纸业集团,,,False,,
8,森达美种植,SIME DARBY PLANTATION,,False,,
309,美国政府,,,False,,
324,国瓷集团,,,False,,
217,Ener Venue,,,False,,
218,热能合作伙伴公司,,,False,,
219,Genvia,,,False,,
18,中国核能工业,,,False,,
17,布鲁斯能源,,,False,,
1,CEQP,,,False,,
235,KeepTruckin,,,False,,
238,麦格纳,,,False,,
172,Reima,,,False,,
178,金地股份,,,False,,
181,房天下,,,False,,
182,安居客,,,False,,
166,上海华谊,,,False,,
186,Mt.Cattlin,,,False,,
188,雅保锂业,,,False,,
190,Mt.Finniss,,,False,,
191,豪瑞集团,,,False,,
165,西安延长,,,False,,
162,Bentec,,,False,,
161,国民油井,,,False,,
160,四川宏华,,,False,,
159,宝鸡石械,,,False,,
158,K&S,,,False,,
207,新泰材料,,,False,,
248,采埃孚,,,False,,
294,贝壳集团,,,False,,
300,科威特石油,,,False,,
12,中粮集团,,,False,,
318,南玻集团,,,False,,
108,富田农业科技有限公司,,,False,,
265,一汽集团,,,False,,
258,LG化学,,,False,,
150,海泰新能,,,False,,
264,大众汽车,,,False,,
268,三菱重工,,,False,,
144,Canpotex,,,False,,
137,美图秀秀,,,False,,
26,华为,,,False,,
