,summary,updated,万得代码,别称,地域,规格,专业性质,市场特点,当前产能,扩产难度,其他性质,creator,是其原材料,有父节点,同位out,同位in,储运,生产产品,供应,description
ATLASCORE-3624,电池级氢氧化锂,2022-04-25T10:07:50.000+0800,,,,,,,,,,呼庆红,"ATLASCORE-3515, ATLASCORE-3516, ATLASCORE-3514",ATLASCORE-3527,,ATLASCORE-3520,,,,
ATLASCORE-3618,雷管,2022-04-25T10:01:52.000+0800,,,,,,,,,,呼庆红,ATLASCORE-3608,,,,,,,
ATLASCORE-3616,乳化剂,2022-04-25T09:56:14.000+0800,,,,,,,,,,呼庆红,ATLASCORE-3610,,,,,,,
ATLASCORE-3615,硝酸铵,2022-04-25T09:56:14.000+0800,,,,,,,,,,呼庆红,ATLASCORE-3610,,,,,,,
ATLASCORE-3614,碳酸锂,2022-04-27T15:32:05.000+0800,,,,,,,,,,呼庆红,,,,,,,,
ATLASCORE-3613,锂精矿,2022-04-25T10:03:29.000+0800,,,,,,,,,,呼庆红,"ATLASCORE-3614, ATLASCORE-3527",,,,,,,
ATLASCORE-3612,锂矿,2022-04-25T09:54:24.000+0800,,,,,,,,,,呼庆红,ATLASCORE-3613,ATLASCORE-3611,,,,,,
ATLASCORE-3611,矿产,2022-04-25T09:54:02.000+0800,,,,,,,,,,呼庆红,,,,,,,,
ATLASCORE-3610,炸药,2022-04-25T10:02:14.000+0800,,,,,,,,,,呼庆红,"ATLASCORE-3608, ATLASCORE-3611",,,,,,,
ATLASCORE-3609,索类,2022-04-25T10:02:15.000+0800,,,,,,,,,,呼庆红,ATLASCORE-3608,,,,,,,
ATLASCORE-3608,民爆服务,2022-04-25T10:01:45.000+0800,,,,,,,,,,呼庆红,ATLASCORE-3611,,,,,,,
ATLASCORE-3605,压裂设备,2022-04-25T09:15:12.000+0800,,,,,,,,,,呼庆红,ATLASCORE-3123,ATLASCORE-3119,,,,,,
ATLASCORE-3601,氯磺酰异氰酸酯,2022-04-24T10:44:37.000+0800,,,,,,,,,,彭昊,ATLASCORE-3602,,,,,,,
ATLASCORE-3600,氯磺酸,2022-04-24T10:44:37.000+0800,,,,,,,,,,彭昊,ATLASCORE-3602,,,,,,,
ATLASCORE-3598,硫酰氟,2022-04-24T10:42:11.000+0800,,,,,,,,,,彭昊,ATLASCORE-3599,,,,,,,
ATLASCORE-3597,氮化锂,2022-04-24T10:42:11.000+0800,,,,,,,,,,彭昊,ATLASCORE-3599,,,,,,,
ATLASCORE-3596,双氟磺酰亚胺,2022-04-24T10:44:36.000+0800,,,,,,,,,,彭昊,ATLASCORE-3595,,,,,,,
ATLASCORE-3595,双氟磺酰亚胺锂,2022-04-24T10:41:01.000+0800,,LiFSl,,,,,,,,彭昊,,,ATLASCORE-3552,,,,,
ATLASCORE-3593,费-托法合成油,2022-04-21T15:29:12.000+0800,,,,,,,,,,彭昊,ATLASCORE-3178,,,,,,,
ATLASCORE-3592,石油化工品,2022-04-21T15:25:34.000+0800,,,,,,,,,,彭昊,,,,,,,,
ATLASCORE-3591,成品油,2022-04-21T15:24:27.000+0800,,,,,,,,,,彭昊,,,,,,,,
ATLASCORE-3588,对二甲苯,2022-04-18T15:54:44.000+0800,,PX,,,,,,,,彭昊,ATLASCORE-3589,,,,,,,
ATLASCORE-3587,乙二醇,2022-04-18T15:51:29.000+0800,,MEG,,,,,,,,彭昊,"ATLASCORE-3582, ATLASCORE-3584",,,,,,,
ATLASCORE-3583,精对苯二甲酸,2022-04-18T15:54:44.000+0800,,,,,,,,,,彭昊,"ATLASCORE-3582, ATLASCORE-3584",,,,,,,
ATLASCORE-3582,聚酯切片,2022-04-18T15:51:30.000+0800,,,,,,,,,,彭昊,ATLASCORE-3581,,,,,,,
ATLASCORE-3580,合成纤维,2022-04-18T15:46:04.000+0800,,,,,,,,,,彭昊,,,,,,,,
ATLASCORE-3579,涤纶,2022-04-18T15:46:05.000+0800,,,,,,,,,,彭昊,,ATLASCORE-3580,,,,,,
ATLASCORE-3578,涤纶长丝,2022-04-18T15:50:26.000+0800,,,,,,,,,,彭昊,,ATLASCORE-3579,,,,,,
ATLASCORE-3574,锂辉石,2022-04-18T10:56:26.000+0800,,,,,,,,,,彭昊,ATLASCORE-3576,,,,,,,
ATLASCORE-3573,锂云母,2022-04-18T10:52:53.000+0800,,,,,,,,,,彭昊,ATLASCORE-3520,,,,,,,
ATLASCORE-3571,无水磷酸铁,2022-04-18T10:35:10.000+0800,,,,,,,,,,彭昊,ATLASCORE-3518,,,,,,,
ATLASCORE-3570,聚乙烯,2022-04-21T15:25:33.000+0800,,,,,,,,,,呼庆红,ATLASCORE-3567,ATLASCORE-3592,,,,,,
ATLASCORE-3569,聚丙烯,2022-04-14T21:17:11.000+0800,,,,,,,,,,呼庆红,ATLASCORE-3566,,,,,,,
ATLASCORE-3568,隔膜添加剂,2022-04-14T21:16:51.000+0800,,,,,,,,,,呼庆红,"ATLASCORE-3566, ATLASCORE-3567",,,,,,,
ATLASCORE-3567,湿法隔膜,2022-04-14T21:17:30.000+0800,,,,,,,,,,呼庆红,,ATLASCORE-3564,,,,,,
ATLASCORE-3566,干法隔膜,2022-04-14T21:17:12.000+0800,,,,,,,,,,呼庆红,,ATLASCORE-3564,,,,,,
ATLASCORE-3564,隔膜,2022-04-14T21:16:25.000+0800,,,,,,,,,,呼庆红,ATLASCORE-3492,,,,,,,
ATLASCORE-3556,碳酸甲乙酯（EMC）,2022-04-14T21:12:07.000+0800,,,,,,,,,,呼庆红,,ATLASCORE-3549,,,,,,
ATLASCORE-3555,碳酸二乙酯（DEC）,2022-04-14T21:11:39.000+0800,,,,,,,,,,呼庆红,,ATLASCORE-3549,,,,,,
ATLASCORE-3554,碳酸乙烯酯（EC）,2022-04-14T21:11:07.000+0800,,,,,,,,,,呼庆红,,ATLASCORE-3549,,,,,,
ATLASCORE-3553,碳酸二甲酯（DMC）,2022-04-14T21:12:33.000+0800,,,,,,,,,,呼庆红,,ATLASCORE-3549,,,,,,
ATLASCORE-3552,六氟磷酸锂,2022-04-24T10:40:41.000+0800,,,,,,,,,,呼庆红,,ATLASCORE-3550,,ATLASCORE-3595,,,,
ATLASCORE-3551,电解液添加剂,2022-04-14T21:09:38.000+0800,,,,,,,,,,呼庆红,,ATLASCORE-3548,,,,,,
ATLASCORE-3550,电解液溶质,2022-04-24T10:40:42.000+0800,,,,,,,,,,呼庆红,,"ATLASCORE-3548, ATLASCORE-3595",,,,,,
ATLASCORE-3549,电解液溶剂,2022-04-14T21:12:08.000+0800,,,,,,,,,,呼庆红,,ATLASCORE-3548,,,,,,
ATLASCORE-3548,锂电池电解液,2022-04-14T21:14:51.000+0800,,,,,,,,,,呼庆红,ATLASCORE-3492,,,,,,,
ATLASCORE-3547,针状焦,2022-04-14T21:05:54.000+0800,,,,,,,,,,呼庆红,ATLASCORE-3545,,,ATLASCORE-3546,,,,
ATLASCORE-3546,石油焦,2022-04-14T21:05:54.000+0800,,,,,,,,,,呼庆红,ATLASCORE-3545,,ATLASCORE-3547,,,,,
ATLASCORE-3543,初级石墨,2022-04-14T21:02:25.000+0800,,,,,,,,,,呼庆红,ATLASCORE-3542,,,,,,,
ATLASCORE-3542,天然石墨负极,2022-04-14T21:04:16.000+0800,,,,,,,,,,呼庆红,,ATLASCORE-3538,,,,,,
ATLASCORE-3541,人造石墨,2022-04-14T21:04:57.000+0800,,,,,,,,,,呼庆红,,ATLASCORE-3538,,,,,,
ATLASCORE-3540,硅基负极材料,2022-04-14T21:01:00.000+0800,,,,,,,,,,呼庆红,,ATLASCORE-3539,,,,,,
ATLASCORE-3539,非碳基负极,2022-04-14T21:01:00.000+0800,,,,,,,,,,呼庆红,,ATLASCORE-3537,,,,,,
ATLASCORE-3538,碳基负极,2022-04-14T21:01:45.000+0800,,,,,,,,,,呼庆红,,ATLASCORE-3537,,,,,,
ATLASCORE-3537,负极材料,2022-04-14T21:00:32.000+0800,,,,,,,,,,呼庆红,ATLASCORE-3492,,,,,,,
ATLASCORE-3536,锂电池导电剂,2022-04-14T20:59:20.000+0800,,,,,,,,,,呼庆红,,ATLASCORE-3531,,,,,,
ATLASCORE-3535,锂电池粘结剂,2022-04-14T20:58:59.000+0800,,,,,,,,,,呼庆红,,ATLASCORE-3531,,,,,,
ATLASCORE-3534,铜箔,2022-04-14T20:43:53.000+0800,,,,,,,,,,呼庆红,ATLASCORE-3532,,,,,,,
ATLASCORE-3533,铝箔,2022-04-14T20:42:55.000+0800,,,,,,,,,,呼庆红,ATLASCORE-3532,,,,,,,
ATLASCORE-3532,集流体,2022-04-14T20:43:53.000+0800,,,,,,,,,,呼庆红,,ATLASCORE-3531,,,,,,
ATLASCORE-3531,锂电池辅材,2022-04-14T20:59:20.000+0800,,,,,,,,,,呼庆红,ATLASCORE-3492,,,,,,,
ATLASCORE-3530,硫酸钴,2022-04-14T20:40:20.000+0800,,,,,,,,,,呼庆红,ATLASCORE-3526,,,,,,,
ATLASCORE-3529,氨水,2022-04-14T20:41:13.000+0800,,,,,,,,,,呼庆红,ATLASCORE-3526,,,,,,,
ATLASCORE-3528,氢氧化钠,2022-04-14T20:39:38.000+0800,,,,,,,,,,呼庆红,ATLASCORE-3526,,,,,,,
ATLASCORE-3527,氢氧化锂,2022-04-27T15:32:06.000+0800,,,,,,,,,,呼庆红,,,,,,,,
ATLASCORE-3526,三元前驱体,2022-04-14T20:41:30.000+0800,,,,,,,,,,呼庆红,ATLASCORE-3514,,,,,,,
ATLASCORE-3525,NCA（镍钴铝）,2022-04-14T20:37:43.000+0800,,,,,,,,,,呼庆红,,ATLASCORE-3514,,,,,,
ATLASCORE-3524,NCM（镍钴锰）,2022-04-14T20:37:06.000+0800,,,,,,,,,,呼庆红,,ATLASCORE-3514,,,,,,
ATLASCORE-3523,磷酸二氢氨,2022-04-14T20:36:38.000+0800,,,,,,,,,,呼庆红,ATLASCORE-3519,,,,,,,
ATLASCORE-3522,硝酸铁,2022-04-14T20:36:18.000+0800,,,,,,,,,,呼庆红,ATLASCORE-3519,,,,,,,
ATLASCORE-3521,磷酸铁,2022-04-14T20:35:40.000+0800,,,,,,,,,,呼庆红,ATLASCORE-3518,,,,,,,
ATLASCORE-3520,电池级碳酸锂,2022-04-25T10:06:12.000+0800,,,,,,,,,,呼庆红,"ATLASCORE-3516, ATLASCORE-3518, ATLASCORE-3519, ATLASCORE-3526",ATLASCORE-3614,ATLASCORE-3624,,,,,
ATLASCORE-3517,钴酸锂正极,2022-04-14T20:33:01.000+0800,,,,,,,,,,呼庆红,,ATLASCORE-3513,ATLASCORE-3515,"ATLASCORE-3516, ATLASCORE-3514",,,,
ATLASCORE-3516,锰酸锂正极,2022-04-25T10:08:00.000+0800,,,,,,,,,,呼庆红,,ATLASCORE-3513,"ATLASCORE-3515, ATLASCORE-3517, ATLASCORE-3514",,,,,
ATLASCORE-3515,磷酸铁锂正极,2022-04-25T10:07:50.000+0800,,,,,,,,,,呼庆红,,ATLASCORE-3513,,"ATLASCORE-3516, ATLASCORE-3517, ATLASCORE-3514",,,,
ATLASCORE-3514,三元正极,2022-04-25T10:08:01.000+0800,,,,,,,,,,呼庆红,,ATLASCORE-3513,"ATLASCORE-3515, ATLASCORE-3517",ATLASCORE-3516,,,,
ATLASCORE-3513,正极材料,2022-04-14T20:32:29.000+0800,,,,,,,,,,呼庆红,ATLASCORE-3492,,,,,,,
ATLASCORE-3506,锂电池后段设备,2022-04-14T20:23:23.000+0800,,,,,,,,,,呼庆红,"ATLASCORE-3493, ATLASCORE-3494",ATLASCORE-3387,,,,,,
ATLASCORE-3505,锂电池中段设备,2022-04-14T20:25:12.000+0800,,,,,,,,,,呼庆红,,ATLASCORE-3387,,,,,,
ATLASCORE-3504,锂电池前段设备,2022-04-14T20:24:32.000+0800,,,,,,,,,,呼庆红,,ATLASCORE-3387,,,,,,
ATLASCORE-3503,通信基站,2022-04-14T20:08:32.000+0800,,,,,,,,,,呼庆红,,,,,,,,
ATLASCORE-3502,发电站,2022-04-14T20:05:26.000+0800,,,,,,,,,,呼庆红,,,,,,,,
ATLASCORE-3501,电,2022-04-14T21:06:44.000+0800,,,,,,,,,,呼庆红,ATLASCORE-3545,,,,,,,
ATLASCORE-3500,电脑,2022-04-14T20:02:54.000+0800,,,,,,,,,,呼庆红,,,,,,,,
ATLASCORE-3499,手机,2022-04-14T20:01:25.000+0800,,,,,,,,,,呼庆红,,,,,,,,
ATLASCORE-3498,电池热管理系统,2022-04-14T20:00:45.000+0800,,,,,,,,,,呼庆红,ATLASCORE-3494,,,,,,,
ATLASCORE-3497,动力锂电池,2022-04-14T20:21:31.000+0800,,,,,,,,,,呼庆红,ATLASCORE-3385,ATLASCORE-3494,,,,,,
ATLASCORE-3496,储能锂电池,2022-04-14T20:08:33.000+0800,,,,,,,,,,呼庆红,"ATLASCORE-3502, ATLASCORE-3503",ATLASCORE-3494,,,ATLASCORE-3501,,,
ATLASCORE-3495,消费锂电池,2022-04-14T20:02:54.000+0800,,,,,,,,,,呼庆红,"ATLASCORE-3499, ATLASCORE-3500",ATLASCORE-3494,,,,,,
ATLASCORE-3494,锂电池,2022-04-14T20:23:23.000+0800,,,,,,,,,,呼庆红,,,,,,,,
ATLASCORE-3493,锂电池模组,2022-04-14T20:23:24.000+0800,,,,,,,,,,呼庆红,ATLASCORE-3494,,,,,,,
ATLASCORE-3492,锂电池电芯,2022-04-14T21:15:43.000+0800,,,,,,,,,,呼庆红,ATLASCORE-3493,,,,,,,
ATLASCORE-3491,油服数字与集成技术,2022-04-14T11:00:42.000+0800,,E&P应用程序,,,,,,,,呼庆红,,ATLASCORE-3148,,,,,,斯伦贝谢提供的是一个开放的数字平台，该平台利用按需、高性能计算并提供嵌入式人工智能或客户可以轻松访问机器学习。
ATLASCORE-3487,地热资源,2022-04-14T10:56:09.000+0800,,,,,,,,,,呼庆红,,,,,,,,
ATLASCORE-3486,氢气,2022-04-21T15:29:12.000+0800,,,,,,,,,,呼庆红,ATLASCORE-3593,,,,,,,
ATLASCORE-3485,氢镍电池技术,2022-04-14T10:57:02.000+0800,,,,,,,,,,呼庆红,ATLASCORE-3481,,,,,,,
ATLASCORE-3484,碳捕获和封存技术,2022-04-14T10:53:30.000+0800,,,,,,,,,,呼庆红,,ATLASCORE-3480,,,,,,
ATLASCORE-3483,地热资源开发技术,2022-04-14T10:54:52.000+0800,,,,,,,,,,呼庆红,ATLASCORE-3487,ATLASCORE-3480,,,,,,
ATLASCORE-3482,锂生产生态系统,2022-04-14T10:52:35.000+0800,,,,,,,,,,呼庆红,,ATLASCORE-3480,,,,,,
ATLASCORE-3481,镍氢储能技术,2022-04-14T10:54:33.000+0800,,,,,,,,,,呼庆红,ATLASCORE-3486,ATLASCORE-3480,,,,,,
ATLASCORE-3480,新能源生产技术,2022-04-14T11:08:28.000+0800,,,,,,,,,,呼庆红,,,,,,,,斯伦贝谢宣布承诺到 2050 年实现温室气体 (GHG) 净零排放，为实现这一目标，斯伦贝谢正在减少运营排放，减少使用斯伦贝谢技术时发生的客户排放；同时，推出专注于解决二氧化碳排放、减少燃烧、电气化、油井建设排放和完整的油田开发解决方案。
ATLASCORE-3476,铝材,2022-04-14T10:47:17.000+0800,,,,,,,,,,呼庆红,ATLASCORE-3115,,,,,,,
ATLASCORE-3473,油服软件,2022-04-14T10:44:14.000+0800,,,,,,,,,,呼庆红,ATLASCORE-3120,,,,,,,
ATLASCORE-3461,汽车中控屏,2022-04-14T10:03:01.000+0800,,,,,,,,,,呼庆红,,ATLASCORE-3454,,,,,,
ATLASCORE-3460,汽车空调,2022-04-14T10:01:56.000+0800,,,,,,,,,,呼庆红,,ATLASCORE-3454,,,,,,
ATLASCORE-3459,车身传感器,2022-04-14T10:01:05.000+0800,,,,,,,,,,呼庆红,,ATLASCORE-3454,,,,,,
ATLASCORE-3458,车载扬声器,2022-04-14T09:59:57.000+0800,,,,,,,,,,呼庆红,,ATLASCORE-3454,,,,,,
ATLASCORE-3457,车载导航,2022-04-14T09:59:25.000+0800,,,,,,,,,,呼庆红,,ATLASCORE-3454,,,,,,
ATLASCORE-3456,行车记录仪,2022-04-14T09:59:05.000+0800,,,,,,,,,,呼庆红,,ATLASCORE-3454,,,,,,
ATLASCORE-3455,汽车辅助驾驶系统,2022-04-14T09:55:59.000+0800,,,,,,,,,,呼庆红,,ATLASCORE-3454,,,,,,
ATLASCORE-3454,汽车附属设备,2022-04-14T09:57:57.000+0800,,,,,,,,,,呼庆红,ATLASCORE-3263,,,,,,,
ATLASCORE-3452,汽车智能生产设备,2022-04-14T09:55:10.000+0800,,,,,,,,,,呼庆红,ATLASCORE-3263,,,,,,,
ATLASCORE-3446,汽车仪表盘,2022-04-14T09:51:53.000+0800,,,,,,,,,,呼庆红,,ATLASCORE-3443,,,,,,
ATLASCORE-3445,座套,2022-04-14T09:51:18.000+0800,,,,,,,,,,呼庆红,,ATLASCORE-3443,,,,,,
ATLASCORE-3444,座垫,2022-04-14T09:51:07.000+0800,,,,,,,,,,呼庆红,,ATLASCORE-3443,,,,,,
ATLASCORE-3443,汽车内饰,2022-04-14T09:54:08.000+0800,,,,,,,,,,呼庆红,ATLASCORE-3263,,,,,,,
ATLASCORE-3442,塑料,2022-04-14T09:50:11.000+0800,,,,,,,,,,呼庆红,"ATLASCORE-3437, ATLASCORE-3438, ATLASCORE-3439",,,,,,,
ATLASCORE-3439,汽车座椅头枕,2022-04-14T09:50:12.000+0800,,,,,,,,,,呼庆红,ATLASCORE-3436,,,,,,,
ATLASCORE-3438,汽车座椅扶手,2022-04-14T09:50:11.000+0800,,,,,,,,,,呼庆红,ATLASCORE-3436,,,,,,,
ATLASCORE-3437,汽车座椅,2022-04-14T09:50:11.000+0800,,,,,,,,,,呼庆红,ATLASCORE-3436,,,,,,,
ATLASCORE-3436,汽车座椅总成,2022-04-14T09:53:32.000+0800,,,,,,,,,,呼庆红,,ATLASCORE-3434,,,,,,
ATLASCORE-3435,汽车玻璃,2022-04-14T09:47:35.000+0800,,,,,,,,,,呼庆红,,ATLASCORE-3434,,,,,,
ATLASCORE-3434,车身附件,2022-04-14T09:47:58.000+0800,,,,,,,,,,呼庆红,ATLASCORE-3263,,,,,,,
ATLASCORE-3429,转向系统,2022-04-14T09:46:04.000+0800,,,,,,,,,,呼庆红,ATLASCORE-3407,,,,,,,
ATLASCORE-3425,盘式制动器,2022-04-14T09:40:52.000+0800,,,,,,,,,,呼庆红,,ATLASCORE-3423,,,,,,
ATLASCORE-3424,鼓式制动器,2022-04-14T09:42:45.000+0800,,,,,,,,,,呼庆红,,ATLASCORE-3423,,,,,,
ATLASCORE-3423,汽车制动器,2022-04-14T09:42:22.000+0800,,,,,,,,,,呼庆红,ATLASCORE-3419,,,,,,,
ATLASCORE-3422,线控制动系统,2022-04-14T09:44:12.000+0800,,,,,,,,,,呼庆红,,ATLASCORE-3419,,,,,,
ATLASCORE-3421,电子驻车制动系统,2022-04-14T09:43:48.000+0800,,,,,,,,,,呼庆红,,ATLASCORE-3419,,,,,,
ATLASCORE-3420,行车制动系统,2022-04-14T09:38:54.000+0800,,,,,,,,,,呼庆红,,ATLASCORE-3418,,,,,,
ATLASCORE-3419,驻车制动系统,2022-04-14T09:40:12.000+0800,,,,,,,,,,呼庆红,,ATLASCORE-3418,,,,,,
ATLASCORE-3418,制动系统,2022-04-14T09:38:54.000+0800,,,,,,,,,,呼庆红,ATLASCORE-3407,,,,,,,
ATLASCORE-3416,离合器,2022-04-14T09:36:23.000+0800,,,,,,,,,,呼庆红,,ATLASCORE-3409,,,,,,
ATLASCORE-3415,变速器,2022-04-14T09:37:19.000+0800,,,,,,,,,,呼庆红,,ATLASCORE-3409,,,,,,
ATLASCORE-3413,轮毂,2022-04-14T09:29:59.000+0800,,,,,,,,,,呼庆红,ATLASCORE-3410,,,,,,,
ATLASCORE-3411,空气悬挂系统,2022-04-14T09:29:04.000+0800,,空气悬架,,,,,,,,呼庆红,,ATLASCORE-3408,,,,,,
ATLASCORE-3410,车轮,2022-04-14T09:30:55.000+0800,,,,,,,,,,呼庆红,,ATLASCORE-3408,,,,,,
ATLASCORE-3409,传动系统,2022-04-14T09:36:23.000+0800,,,,,,,,,,呼庆红,,ATLASCORE-3407,,,,,,
ATLASCORE-3408,行驶系统,2022-04-14T09:28:41.000+0800,,,,,,,,,,呼庆红,ATLASCORE-3407,,,,,,,
ATLASCORE-3407,汽车底盘系统,2022-04-14T09:45:05.000+0800,,,,,,,,,,呼庆红,,,,,,,,
ATLASCORE-3406,门把手,2022-04-14T09:23:59.000+0800,,,,,,,,,,呼庆红,,ATLASCORE-3402,,,,,,
ATLASCORE-3405,进气格栅,2022-04-14T09:23:37.000+0800,,,,,,,,,,呼庆红,,ATLASCORE-3402,,,,,,
ATLASCORE-3404,保险杠,2022-04-14T09:22:58.000+0800,,,,,,,,,,呼庆红,,ATLASCORE-3402,,,,,,
ATLASCORE-3403,车灯,2022-04-14T09:21:04.000+0800,,,,,,,,,,呼庆红,,ATLASCORE-3402,,,,,,
ATLASCORE-3402,汽车外饰,2022-04-14T09:25:03.000+0800,,,,,,,,,,呼庆红,ATLASCORE-3263,,,,,,,
ATLASCORE-3399,汽车级珠光材料,2022-04-14T09:18:49.000+0800,,,,,,,,,,呼庆红,,ATLASCORE-3398,,,,,,
ATLASCORE-3398,汽车涂料,2022-04-14T09:18:24.000+0800,,,,,,,,,,呼庆红,ATLASCORE-3397,,,,,,,
ATLASCORE-3397,车身覆盖件,2022-04-14T09:16:32.000+0800,,,,,,,,,,呼庆红,,ATLASCORE-3394,,,,,,
ATLASCORE-3396,车身加强件,2022-04-14T09:15:52.000+0800,,,,,,,,,,呼庆红,,ATLASCORE-3394,,,,,,
ATLASCORE-3395,车身结构件,2022-04-14T09:15:07.000+0800,,,,,,,,,,呼庆红,,ATLASCORE-3394,,,,,,
ATLASCORE-3394,汽车骨架,2022-04-14T09:19:24.000+0800,,,,,,,,,,呼庆红,ATLASCORE-3263,,,,,,,
ATLASCORE-3391,电机控制器,2022-04-14T09:12:20.000+0800,,,,,,,,,,呼庆红,ATLASCORE-3385,,,,,,,
ATLASCORE-3390,驱动电机,2022-04-14T09:11:58.000+0800,,,,,,,,,,呼庆红,ATLASCORE-3385,,,,,,,
ATLASCORE-3387,锂电池电芯生产设备,2022-04-14T20:20:02.000+0800,,,,,,,,,,呼庆红,ATLASCORE-3492,,,,,,,
ATLASCORE-3386,氢燃料汽车,2022-04-14T09:05:50.000+0800,,,,,,,,,,呼庆红,,ATLASCORE-3217,,,,,,
ATLASCORE-3385,电动汽车,2022-04-14T20:20:02.000+0800,,,,,,,,,,呼庆红,,ATLASCORE-3217,,,,,,
ATLASCORE-3375,汽车发动机,2022-04-14T08:59:53.000+0800,,,,,,,,,,呼庆红,ATLASCORE-3370,,,,,,,
ATLASCORE-3373,客车,2022-04-14T08:57:15.000+0800,,,,,,,,,,呼庆红,,ATLASCORE-3371,,,,,,
ATLASCORE-3372,货车,2022-04-14T08:56:53.000+0800,,,,,,,,,,呼庆红,,ATLASCORE-3371,,,,,,
ATLASCORE-3371,商用车,2022-04-14T08:57:16.000+0800,,,,,,,,,,呼庆红,,ATLASCORE-3263,,,,,,
ATLASCORE-3370,燃油车,2022-04-14T08:58:08.000+0800,,,,,,,,,,呼庆红,,ATLASCORE-3263,,,,,,
ATLASCORE-3363,粳稻,2022-04-05T21:15:40.000+0800,,,,,,,,,,彭昊,,ATLASCORE-3301,ATLASCORE-3362,,,,,多为常规稻
ATLASCORE-3362,籼稻,2022-04-05T21:14:53.000+0800,,,,,,,,,,彭昊,,ATLASCORE-3304,ATLASCORE-3361,ATLASCORE-3363,,,,
ATLASCORE-3361,糯稻,2022-04-05T21:13:35.000+0800,,,,,,我国糯稻分布广泛，各主要稻区均选育了符合当地地理、市场环境需要的糯稻品种,,,,彭昊,,ATLASCORE-3301,,ATLASCORE-3362,,,,
ATLASCORE-3358,盐湖钾,2022-04-04T15:09:37.000+0800,,,,,,,,,,彭昊,,ATLASCORE-3355,,,,,,
ATLASCORE-3357,矿石钾,2022-04-04T15:09:25.000+0800,,,,,,,,,,彭昊,,ATLASCORE-3355,,,,,,
ATLASCORE-3356,硫酸钾,2022-04-04T15:09:11.000+0800,,,,,,,,,,彭昊,,ATLASCORE-3353,,,,,,
ATLASCORE-3355,钾资源,2022-04-04T15:09:38.000+0800,,,,,,,,,,彭昊,ATLASCORE-3353,,,,,,,
ATLASCORE-3354,氯化钾,2022-04-27T15:32:05.000+0800,,,,,,,,,,彭昊,,ATLASCORE-3353,,,,,,
ATLASCORE-3353,钾肥,2022-04-04T15:09:11.000+0800,,,,,,,,,,彭昊,,ATLASCORE-3328,,,,,,
ATLASCORE-3352,硫磺,2022-04-04T15:07:49.000+0800,,,,,,,,,,彭昊,"ATLASCORE-3350, ATLASCORE-3351",,,,,,,
ATLASCORE-3351,饲料级磷酸铵,2022-04-04T15:07:49.000+0800,,,,,,,,,,彭昊,,,ATLASCORE-3350,,,,,
ATLASCORE-3350,饲料级磷酸二氢铵,2022-04-04T15:07:49.000+0800,,,,,,,,,,彭昊,,,,ATLASCORE-3351,,,,
ATLASCORE-3349,过磷酸钙,2022-04-04T15:06:20.000+0800,,,,,,,,,,彭昊,,ATLASCORE-3346,,,,,,
ATLASCORE-3348,重过磷酸钙,2022-04-04T15:06:02.000+0800,,,,,,,,,,彭昊,,ATLASCORE-3346,,,,,,
ATLASCORE-3347,钙镁磷肥,2022-04-04T15:05:36.000+0800,,,,,,,,,,彭昊,,ATLASCORE-3346,,,,,,
ATLASCORE-3346,磷肥,2022-04-04T15:06:20.000+0800,,,,,,,,,,彭昊,,ATLASCORE-3328,,,,,,
ATLASCORE-3345,尿素,2022-04-04T15:04:22.000+0800,,,,,,,,,,彭昊,,ATLASCORE-3342,,,,,,
ATLASCORE-3344,硫酸铵,2022-04-04T15:03:48.000+0800,,,,,,,,,,彭昊,,ATLASCORE-3342,,,,,,
ATLASCORE-3343,氯化铵,2022-04-04T15:02:42.000+0800,,,,,,,,,,彭昊,,ATLASCORE-3342,,,,,,
ATLASCORE-3342,氮肥,2022-04-04T15:03:59.000+0800,,,,,,,,,,彭昊,,ATLASCORE-3328,,,,,,
ATLASCORE-3341,水溶性肥料,2022-04-04T15:01:43.000+0800,,,,,,,,,,彭昊,,ATLASCORE-3337,,,,,,
ATLASCORE-3340,控释化肥,2022-04-04T15:00:58.000+0800,,,,,,,,,,彭昊,,ATLASCORE-3337,,,,,,
ATLASCORE-3339,缓释化肥,2022-04-04T15:00:36.000+0800,,,,,,,,,,彭昊,,ATLASCORE-3337,,,,,,
ATLASCORE-3338,土地营养素,2022-04-04T15:00:09.000+0800,,,,,,,,,,彭昊,,ATLASCORE-3337,,,,,,
ATLASCORE-3337,特种化肥,2022-04-04T15:01:44.000+0800,,,,,,,,,,彭昊,,ATLASCORE-3328,,,,,,
ATLASCORE-3336,磷矿石,2022-04-04T14:59:09.000+0800,,,,,,,,,,彭昊,ATLASCORE-3335,,,,,,,
ATLASCORE-3335,黄磷,2022-04-04T14:59:09.000+0800,,,,,,,,,,彭昊,ATLASCORE-3334,,,,,,,
ATLASCORE-3334,磷酸,2022-04-04T15:07:29.000+0800,,,,,,,,,,彭昊,"ATLASCORE-3350, ATLASCORE-3351",,,,,,,
ATLASCORE-3333,饲料级磷酸二铵,2022-04-04T14:58:01.000+0800,,,,,,,,,,彭昊,ATLASCORE-3334,ATLASCORE-3330,,,,,,
ATLASCORE-3332,饲料级磷酸一铵,2022-04-04T14:58:01.000+0800,,,,,,,,,,彭昊,ATLASCORE-3334,ATLASCORE-3330,,,,,,
ATLASCORE-3331,三元复合肥,2022-04-04T14:56:40.000+0800,,,,,,,,,,彭昊,,ATLASCORE-3329,,,,,,
ATLASCORE-3330,二元复合肥,2022-04-04T14:57:39.000+0800,,,,,,,,,,彭昊,,ATLASCORE-3329,,,,,,
ATLASCORE-3329,复合肥,2022-04-04T14:56:41.000+0800,,,,,,,,,,彭昊,,ATLASCORE-3328,,,,,,
ATLASCORE-3328,化肥,2022-04-04T15:08:04.000+0800,,,,,,,,,,彭昊,ATLASCORE-3290,,,,,,,
ATLASCORE-3327,转基因技术服务,2022-04-05T21:15:41.000+0800,,,,,,,,,,彭昊,ATLASCORE-3326,,,,,,,
ATLASCORE-3326,转基因玉米种,2022-04-05T21:10:30.000+0800,,,,,,,,,,彭昊,,ATLASCORE-3304,,,,,,
ATLASCORE-3325,玉米自交种,2022-04-04T14:54:25.000+0800,,,,,,,,,,彭昊,,ATLASCORE-3304,,,,,,
ATLASCORE-3324,玉米三交种,2022-04-04T14:54:04.000+0800,,,,,,,,,,彭昊,,ATLASCORE-3321,,,,,,
ATLASCORE-3323,玉米双交种,2022-04-04T14:53:40.000+0800,,,,,,,,,,彭昊,,ATLASCORE-3321,,,,,,
ATLASCORE-3322,玉米单交种,2022-04-04T14:53:23.000+0800,,,,,,,,,,彭昊,,ATLASCORE-3321,,,,,,
ATLASCORE-3321,玉米杂交种,2022-04-04T14:54:04.000+0800,,,,,,,,,,彭昊,,ATLASCORE-3304,,,,,,
ATLASCORE-3320,白酒,2022-04-04T14:52:23.000+0800,,,,,,,,,,彭昊,,,,,,,,
ATLASCORE-3319,乙醇,2022-04-04T14:52:23.000+0800,,,,,,,,,,彭昊,ATLASCORE-3320,,,,,,,
ATLASCORE-3318,预胶化淀粉,2022-04-04T14:51:52.000+0800,,,,,,,,,,彭昊,,,,,,,,
ATLASCORE-3317,低聚异麦芽糖,2022-04-04T14:51:20.000+0800,,,,,,,,,,彭昊,,,,,,,,
ATLASCORE-3316,药用淀粉,2022-04-04T14:50:51.000+0800,,,,,,,,,,彭昊,,,,,,,,
ATLASCORE-3315,氨基酸,2022-04-04T14:50:35.000+0800,,,,,,,,,,彭昊,,,,,,,,
ATLASCORE-3314,果葡萄浆,2022-04-04T14:50:21.000+0800,,,,,,,,,,彭昊,,,,,,,,
ATLASCORE-3313,玉米淀粉,2022-04-04T14:51:52.000+0800,,,,,,,,,,彭昊,"ATLASCORE-3314, ATLASCORE-3315, ATLASCORE-3316, ATLASCORE-3317, ATLASCORE-3318",,,,,,,
ATLASCORE-3312,玉米油,2022-04-04T14:49:41.000+0800,,,,,,,,,,彭昊,,,,,,,,
ATLASCORE-3311,牛饲料,2022-04-04T14:49:23.000+0800,,,,,,,,,,彭昊,,ATLASCORE-3307,,,,,,
ATLASCORE-3310,猪饲料,2022-04-04T14:49:11.000+0800,,,,,,,,,,彭昊,,ATLASCORE-3307,,,,,,
ATLASCORE-3309,鸡饲料,2022-04-04T14:48:59.000+0800,,,,,,,,,,彭昊,,ATLASCORE-3307,,,,,,
ATLASCORE-3308,新型饲料,2022-04-04T14:48:43.000+0800,,,,,,,,,,彭昊,,,ATLASCORE-3307,,,,,
ATLASCORE-3307,传统型饲料,2022-04-04T14:49:23.000+0800,,,,,,,,,,彭昊,,,,ATLASCORE-3308,,,,
ATLASCORE-3306,豆粕,2022-04-04T14:48:28.000+0800,,,,,,,,,,彭昊,ATLASCORE-3307,,,,,,,
ATLASCORE-3305,种子,2022-04-04T14:47:35.000+0800,,,,,,,,,,彭昊,,,,,,,,
ATLASCORE-3304,玉米种子,2022-04-05T21:16:37.000+0800,,,,,,,,,,彭昊,ATLASCORE-3299,ATLASCORE-3305,,,,,,
ATLASCORE-3303,小麦种子,2022-04-04T14:47:36.000+0800,,,,,,,,,,彭昊,ATLASCORE-3298,ATLASCORE-3305,,,,,,
ATLASCORE-3302,大豆种子,2022-04-04T14:47:36.000+0800,,,,,,,,,,彭昊,ATLASCORE-3297,ATLASCORE-3305,,,,,,
ATLASCORE-3301,水稻种子,2022-04-05T21:14:18.000+0800,,,,,,,,,,彭昊,ATLASCORE-3296,ATLASCORE-3305,,,,,,
ATLASCORE-3300,马铃薯种子,2022-04-04T14:47:35.000+0800,,,,,,,,,,彭昊,ATLASCORE-3295,ATLASCORE-3305,,,,,,
ATLASCORE-3299,玉米,2022-04-04T14:52:12.000+0800,,,,,,,,,,彭昊,"ATLASCORE-3312, ATLASCORE-3313, ATLASCORE-3319, ATLASCORE-3307",ATLASCORE-3290,,,,,,
ATLASCORE-3298,小麦,2022-04-04T14:48:28.000+0800,,,,,,,,,,彭昊,ATLASCORE-3307,ATLASCORE-3290,,,,,,
ATLASCORE-3297,大豆,2022-04-04T14:47:53.000+0800,,,,,,,,,,彭昊,ATLASCORE-3306,ATLASCORE-3290,,,,,,
ATLASCORE-3296,水稻,2022-04-04T14:45:57.000+0800,,,,,,,,,,彭昊,,ATLASCORE-3290,,,,,,
ATLASCORE-3295,马铃薯,2022-04-04T14:45:45.000+0800,,,,,,,,,,彭昊,,ATLASCORE-3290,,,,,,
ATLASCORE-3294,溴素,2022-04-04T14:41:23.000+0800,,,,,,,,,,彭昊,,ATLASCORE-3293,,,,,,
ATLASCORE-3293,杀虫剂,2022-04-04T14:41:23.000+0800,,,,,,,,,,彭昊,ATLASCORE-3290,,,,,,,
ATLASCORE-3292,草甘膦,2022-04-04T14:40:52.000+0800,,,,,,,,,,彭昊,,ATLASCORE-3291,,,,,,
ATLASCORE-3291,除草剂,2022-04-04T14:40:52.000+0800,,,,,,,,,,彭昊,ATLASCORE-3290,,,,,,,
ATLASCORE-3290,农作物,2022-04-04T14:55:35.000+0800,,,,,,,,,,彭昊,,,,,,,,
ATLASCORE-3282,火电,2022-04-08T15:33:50.000+0800,,,,,,,,,,张子萱,ATLASCORE-3186,,,,,,,
ATLASCORE-3281,锅炉热,2022-04-04T08:22:43.000+0800,,,,,,,,,,张子萱,,,,,,,,
ATLASCORE-3280,动力煤,2022-04-26T20:41:01.000+0800,,,,,,,,,,张子萱,"ATLASCORE-3281, ATLASCORE-3282",ATLASCORE-3218,,,,,,
ATLASCORE-3278,煤炭铁路运输,2022-04-04T08:21:34.000+0800,,,,,,,,,,张子萱,,,,,ATLASCORE-3218,,,
ATLASCORE-3276,煤矿用设备,2022-04-08T15:35:12.000+0800,,,,,,,,,,张子萱,ATLASCORE-3218,,,,,,,
ATLASCORE-3271,医疗器械,2022-04-03T23:03:56.000+0800,,,,,,,,,,王泽澎,ATLASCORE-3275,,,,,,,
ATLASCORE-3270,马氏体不锈钢,2022-04-03T23:01:55.000+0800,,,,,,,,,,王泽澎,ATLASCORE-3271,ATLASCORE-3208,,,,,,
ATLASCORE-3269,奥氏体不锈钢,2022-04-03T22:59:36.000+0800,,,,,,,,,,王泽澎,,ATLASCORE-3208,,,,,,
ATLASCORE-3268,工程机械,2022-04-03T22:57:03.000+0800,,,,,,,,,,王泽澎,,,,,,,,
ATLASCORE-3267,铬,2022-04-03T22:55:47.000+0800,,,,,,,,,,王泽澎,ATLASCORE-3208,,,,,,,
ATLASCORE-3266,油气运输管道,2022-04-03T22:53:40.000+0800,,,,,,,,,,王泽澎,ATLASCORE-3143,,,,,,,
ATLASCORE-3265,钢帘线,2022-04-03T22:50:40.000+0800,,,,,,,,,,王泽澎,ATLASCORE-3264,,,,,,,
ATLASCORE-3264,轮胎,2022-04-14T09:31:28.000+0800,,,,,,,,,,王泽澎,ATLASCORE-3410,,,,,,,
ATLASCORE-3263,汽车,2022-04-14T09:55:36.000+0800,,,,,,,,,,王泽澎,"ATLASCORE-3374, ATLASCORE-3407, ATLASCORE-3273",,,,,,,
ATLASCORE-3262,家用电器,2022-04-03T23:03:18.000+0800,,,,,,,,,,王泽澎,ATLASCORE-3274,,,,,,,
ATLASCORE-3261,基础设施,2022-04-03T23:02:37.000+0800,,,,,,,,,,王泽澎,ATLASCORE-3272,,,,,,,
ATLASCORE-3260,成型分子筛,2022-04-03T22:42:42.000+0800,,,,,,,,,,王泽澎,ATLASCORE-3259,,,,,,,
ATLASCORE-3259,制氧机,2022-04-03T22:42:42.000+0800,,,,,,,,,,王泽澎,,,,,,,,
ATLASCORE-3258,工业制氧机,2022-04-03T22:42:22.000+0800,,,,,,,,,,王泽澎,ATLASCORE-3240,ATLASCORE-3259,,,,,,
ATLASCORE-3256,钢结构,2022-04-03T22:48:30.000+0800,,,,,,,,,,王泽澎,ATLASCORE-3261,ATLASCORE-3157,,,,,,
ATLASCORE-3255,结构钢,2022-04-03T22:45:34.000+0800,,,,,,,,,,王泽澎,ATLASCORE-3256,ATLASCORE-3157,,,,,,
ATLASCORE-3254,型钢,2022-04-03T22:57:03.000+0800,,,,,,,,,,王泽澎,"ATLASCORE-3268, ATLASCORE-3256",ATLASCORE-3157,,,,,,
ATLASCORE-3253,管线钢,2022-04-03T22:53:40.000+0800,,,,,,,,,,王泽澎,ATLASCORE-3266,ATLASCORE-3157,,,,,,
ATLASCORE-3250,冷轧钢板,2022-04-03T22:49:45.000+0800,,,,,,,,,,王泽澎,"ATLASCORE-3262, ATLASCORE-3263",ATLASCORE-3157,,,,,,
ATLASCORE-3249,冷轧机,2022-04-03T22:37:05.000+0800,,,,,,,,,,王泽澎,ATLASCORE-3252,,,,,,,
ATLASCORE-3248,热轧板卷,2022-04-03T22:49:02.000+0800,,,,,,,,,,王泽澎,"ATLASCORE-3262, ATLASCORE-3252",ATLASCORE-3157,,,,,,
ATLASCORE-3247,线材,2022-04-03T22:50:40.000+0800,,,,,,,,,,王泽澎,ATLASCORE-3265,ATLASCORE-3157,,,,,,
ATLASCORE-3246,螺纹钢,2022-04-03T22:48:31.000+0800,,,,,,,,,,王泽澎,ATLASCORE-3261,ATLASCORE-3157,,,,,,
ATLASCORE-3245,宽厚板,2022-04-03T22:48:30.000+0800,,,,,,,,,,王泽澎,ATLASCORE-3261,ATLASCORE-3157,,,,,,
ATLASCORE-3244,热轧机,2022-04-03T22:35:55.000+0800,,,,,,,,,,王泽澎,ATLASCORE-3251,,,,,,,
ATLASCORE-3241,废钢材,2022-04-03T22:29:23.000+0800,,,,,,,,,,王泽澎,"ATLASCORE-3242, ATLASCORE-3243",,,ATLASCORE-3229,,,,
ATLASCORE-3240,工业氧气,2022-04-03T22:42:08.000+0800,,,,,,,,,,王泽澎,"ATLASCORE-3242, ATLASCORE-3243",,,,,,,
ATLASCORE-3239,电,2022-04-03T22:26:35.000+0800,,,,,,,,,,王泽澎,ATLASCORE-3242,,,,,,,
ATLASCORE-3238,石墨负极,2022-04-03T22:26:35.000+0800,,,,,,,,,,王泽澎,ATLASCORE-3242,,,,,,,
ATLASCORE-3237,粗钢,2022-04-03T22:40:24.000+0800,,,,,,,,,,王泽澎,"ATLASCORE-3251, ATLASCORE-3257",,,,,,,
ATLASCORE-3236,电石,2022-04-03T22:21:10.000+0800,,,,,,,,,,王泽澎,,,,,,,,
ATLASCORE-3235,电石焦,2022-04-03T22:21:10.000+0800,,,,,,,,,,王泽澎,ATLASCORE-3236,ATLASCORE-3232,,,,,,
ATLASCORE-3233,焦炉煤气,2022-04-03T22:24:15.000+0800,,,,,,,,,,王泽澎,ATLASCORE-3228,,,ATLASCORE-3158,,,,
ATLASCORE-3232,焦炭,2022-04-04T08:26:21.000+0800,,,,,,,,,,王泽澎,,,,,,,,
ATLASCORE-3231,炼焦煤,2022-04-04T09:53:01.000+0800,,,,,,,,,,王泽澎,"ATLASCORE-3232, ATLASCORE-3234",ATLASCORE-3218,,,,,,
ATLASCORE-3229,生铁,2022-04-03T22:29:06.000+0800,,,,,,,,,,王泽澎,"ATLASCORE-3242, ATLASCORE-3243",,ATLASCORE-3241,,,,,
ATLASCORE-3228,工业氢气,2022-04-03T22:24:15.000+0800,,,,,,,,,,王泽澎,,,,,,,,
ATLASCORE-3227,冶金焦,2022-04-03T22:19:55.000+0800,,,,,,,,,,王泽澎,ATLASCORE-3230,ATLASCORE-3232,,,,,,
ATLASCORE-3226,石灰石,2022-04-18T10:55:48.000+0800,,,,,,,,,,王泽澎,"ATLASCORE-3575, ATLASCORE-3230, ATLASCORE-3236",,,,,,,
ATLASCORE-3225,成块铁精矿,2022-04-03T22:16:17.000+0800,,,,,,,,,,王泽澎,ATLASCORE-3230,,,,,,,
ATLASCORE-3222,烧结矿,2022-04-03T22:12:19.000+0800,,,,,,,,,,王泽澎,,ATLASCORE-3225,,,,,,
ATLASCORE-3221,球团矿,2022-04-03T22:12:19.000+0800,,,,,,,,,,王泽澎,,ATLASCORE-3225,,,,,,
ATLASCORE-3220,铁精矿粉,2022-04-03T22:08:11.000+0800,,,,,,,,,,王泽澎,"ATLASCORE-3223, ATLASCORE-3224",,,,,,,
ATLASCORE-3219,铁矿石,2022-04-03T22:10:47.000+0800,,,,,,,,,,王泽澎,ATLASCORE-3220,,,,,,,
ATLASCORE-3218,原煤,2022-04-25T09:48:13.000+0800,,,- 中国的煤炭资源存在严重的空间错配 ，产煤地区多集中在中部、西部，用煤地区多集中在东南地区。2018 年，我国超过 10 亿吨的产煤省份有山西、内蒙古及陕西(三西地区)，全部位于中西部地区。而东部、 南部耗煤大省的煤炭产量却均不到 2 亿吨。 - 总体空间调度是“由东向西”和“由南到北 ”。 - 煤炭资源在我国是“铁水联运 ”。全国煤炭外调量的四分之三都来自“三西”地区，该区煤炭通常先铁路运输直达环渤海港口，再从港口下海水运至东南地区。 大秦线和神朔黄线依然是我国煤炭运输的两条最重要的铁路。,- 年度长协：大型煤企多采用长协价格，以锁定优质终端用户市场。定价方式为“基准价+浮动价” - 月度长协 - 现货,,,"- 全球煤炭总共产能在90亿吨左右，中国煤炭需求量基本占了全球的一半，每年需求45亿吨左右。
- 中国原煤产能在40亿吨左右，进口3-5亿吨。（以上数据为估算，没有确切数字的统计）其中动力煤在10几亿吨。","- 完全开新矿比较困难，以为未来国家计划减少煤炭占比，政策通过不是很容易
- 产能利用率提高比较容易，数据按周度更新，例：截至 2 月 27 日
内蒙古样本煤矿(90 处，总产能 6.3 亿吨)产能利用率 91.5%，环比上周升 4.44 个 pct
陕西省样本煤矿(49 处，总产能 3.3 亿吨)产能利用率 94.7%，环比上周升 2.24 个 pct
三省样本煤矿(442 处，总产能 15.5 亿吨)产能利用率 86.9%，环比上周升 3.02 个 pct
- 全球供需格局调整需要半年左右，例：此前中国制裁澳大利亚，不再购买澳大利亚的煤炭，半年后澳大利亚煤炭出口再次恢复正常，客户增加了日本和韩国（来自进门财经路演）
- 港口吞吐量、运费也按周更新",,张子萱,"ATLASCORE-3286, ATLASCORE-3368, ATLASCORE-3369",,,,,,,
ATLASCORE-3217,新能源汽车,2022-04-14T09:05:51.000+0800,,,,,,,,,,彭昊,,ATLASCORE-3263,,,,,,
ATLASCORE-3216,动力电池,2022-04-03T21:29:54.000+0800,,,,,,,,,,彭昊,ATLASCORE-3217,,,,,,,
ATLASCORE-3215,磷酸铁锂电池,2022-04-03T21:29:39.000+0800,,,,,,,,,,彭昊,,ATLASCORE-3216,ATLASCORE-3214,,,,,
ATLASCORE-3214,三元锂电池,2022-04-03T21:29:38.000+0800,,,,,,,,,,彭昊,,ATLASCORE-3216,,ATLASCORE-3215,,,,
ATLASCORE-3213,高镍正极材料,2022-04-14T20:40:57.000+0800,,,,,,,,,,彭昊,ATLASCORE-3214,,,,,,,
ATLASCORE-3212,硫化镍矿,2022-04-03T21:28:24.000+0800,,,,,,,,,,彭昊,ATLASCORE-3211,,ATLASCORE-3210,,,,,
ATLASCORE-3211,镍精矿,2022-04-03T21:28:25.000+0800,,,,,,,,,,彭昊,ATLASCORE-3207,,,,,,,
ATLASCORE-3210,红土镍矿,2022-04-03T21:28:24.000+0800,,,,,,,,,,彭昊,"ATLASCORE-3205, ATLASCORE-3209",,,ATLASCORE-3212,,,,
ATLASCORE-3209,镍铁,2022-04-03T21:27:46.000+0800,,,,,,,,,,彭昊,"ATLASCORE-3207, ATLASCORE-3208",,ATLASCORE-3202,,,,,
ATLASCORE-3208,不锈钢,2022-04-03T22:59:35.000+0800,,,,,,,,,,彭昊,"ATLASCORE-3261, ATLASCORE-3262, ATLASCORE-3263, ATLASCORE-3268",ATLASCORE-3157,,,,,,
ATLASCORE-3207,高冰镍,2022-04-03T21:28:04.000+0800,,,,,,,,,,彭昊,ATLASCORE-3204,,ATLASCORE-3205,,,,,
ATLASCORE-3206,含镍废料,2022-04-03T21:25:37.000+0800,,,,,,,,,,彭昊,"ATLASCORE-3202, ATLASCORE-3204",,ATLASCORE-3205,,,,,
ATLASCORE-3205,镍钴中间品,2022-04-03T21:27:46.000+0800,,,,,,,,,,彭昊,"ATLASCORE-3202, ATLASCORE-3204",,,"ATLASCORE-3206, ATLASCORE-3207",,,,
ATLASCORE-3204,硫酸镍,2022-04-14T20:40:57.000+0800,,,,,,,,,,彭昊,"ATLASCORE-3202, ATLASCORE-3526",,,,,,,
ATLASCORE-3203,硫酸,2022-04-18T10:56:26.000+0800,,,,,,,,,,彭昊,"ATLASCORE-3576, ATLASCORE-3202, ATLASCORE-3204",,,,,,,
ATLASCORE-3202,电解镍,2022-04-03T21:27:19.000+0800,,,,,,,,,,彭昊,ATLASCORE-3208,,,ATLASCORE-3209,,,,
ATLASCORE-3199,制成晶圆,2022-04-03T15:10:45.000+0800,,,,,,,,,,彭昊,,,,,,,,
ATLASCORE-3198,漂洗液,2022-04-03T14:40:03.000+0800,,,,,,,,,,彭昊,,ATLASCORE-3191,,,,,,
ATLASCORE-3197,剥离液,2022-04-03T14:39:28.000+0800,,,,,,,,,,彭昊,,ATLASCORE-3191,,,,,,
ATLASCORE-3196,显影液,2022-04-03T14:27:07.000+0800,,,,,,,,,,彭昊,,ATLASCORE-3191,,,,,,
ATLASCORE-3195,氢氟酸,2022-04-03T14:12:11.000+0800,,,,,,,,,,彭昊,ATLASCORE-3193,,,,,,,
ATLASCORE-3194,硝酸,2022-04-03T14:05:25.000+0800,,,,,,,,,,彭昊,ATLASCORE-3193,,,,,,,
ATLASCORE-3192,蚀刻液,2022-04-03T13:46:35.000+0800,,,,,,,,,,彭昊,,ATLASCORE-3190,,,,,,
ATLASCORE-3191,光刻胶配套试剂,2022-04-03T14:43:23.000+0800,,,,,,,,,,彭昊,ATLASCORE-3199,,,,,,,
ATLASCORE-3190,超净高纯试剂,2022-04-03T14:43:23.000+0800,,,,,,,,,,彭昊,"ATLASCORE-3199, ATLASCORE-3191",,,,,,,
ATLASCORE-3188,路面,2022-04-03T11:09:18.000+0800,,,,,,,,,,呼庆红,,,,,,,,
ATLASCORE-3187,沥青,2022-04-14T21:06:43.000+0800,,,,,,,,,,呼庆红,"ATLASCORE-3188, ATLASCORE-3545",,,,,,,
ATLASCORE-3185,乘用车,2022-04-14T08:56:22.000+0800,,,,,,,,,,呼庆红,,ATLASCORE-3263,,,,,,
ATLASCORE-3181,车用燃料,2022-04-03T10:52:14.000+0800,,,,,,,,,,呼庆红,ATLASCORE-3182,,,,,,,
ATLASCORE-3180,液化石油气,2022-04-04T10:01:31.000+0800,,,,,,,,,,呼庆红,ATLASCORE-3282,ATLASCORE-3181,ATLASCORE-3171,"ATLASCORE-3178, ATLASCORE-3179, ATLASCORE-3164",,,,
ATLASCORE-3179,柴油,2022-04-21T15:24:26.000+0800,,,,,,,,,,呼庆红,,"ATLASCORE-3591, ATLASCORE-3181",ATLASCORE-3180,"ATLASCORE-3178, ATLASCORE-3164",,,,
ATLASCORE-3178,汽油,2022-04-21T15:29:12.000+0800,,,,,,,,,,呼庆红,,"ATLASCORE-3591, ATLASCORE-3181","ATLASCORE-3179, ATLASCORE-3180",ATLASCORE-3164,,,,
ATLASCORE-3174,石油溶剂,2022-04-03T10:48:12.000+0800,,,,,,,,,,呼庆红,,,,,,,,
ATLASCORE-3173,润滑油,2022-04-03T10:44:44.000+0800,,,,,,,,,,呼庆红,,ATLASCORE-3172,,,,,,
ATLASCORE-3172,石蜡油,2022-04-03T10:44:44.000+0800,,,,,,,,,,呼庆红,,,,,,,,
ATLASCORE-3171,燃料油,2022-04-04T10:01:31.000+0800,,,,,,,,,,呼庆红,ATLASCORE-3282,,,ATLASCORE-3180,,,,
ATLASCORE-3170,页岩油气开采,2022-04-03T10:48:15.000+0800,,,,,,,,,,呼庆红,,ATLASCORE-3132,,,,,,
ATLASCORE-3169,石油炼制服务,2022-04-27T12:09:53.000+0800,,,,,,,,,,呼庆红,,,,,,,,
ATLASCORE-3166,天然气凝析液,2022-04-25T16:16:07.000+0800,,NGL,,,,,,,,呼庆红,,,,"ATLASCORE-3164, ATLASCORE-3165",,,,天然气凝析液指天然气深冷分离得到的以乙烷、丙烷、丁烷为主要组分的轻质烃类混合物，其组成与天然气的来源及分离加工条件(温度、压力)有关。
ATLASCORE-3165,原油,2022-04-27T12:09:53.000+0800,,,沙特、伊拉克、俄罗斯,,,"定价单位：元/吨；元/桶，1吨（原油）=7.389桶（原油）
常见合约形式：年度合约（价格和数量是提前几个月敲定），及现货市场
价格种类及区别（市场价/期货价/不同产地的价格，有何区别）：
三个重要的原油期货合约主要有纽约商业交易所的轻质低硫原油即“西德克萨斯中质油”期货合约（WTI）、伦敦国际石油交易所的布伦特原油期货合约（BTENT），新加坡交易所的迪拜酸性原油期货合约。
五大现货市场：北欧（包括西北欧鹿特丹和伦敦，靠近码头和炼油厂）、地中海（接近黑海，同时附近有炼油厂）、加勒比海市场（较小）、新加坡市场（地处波斯湾至日本航线的中间）、美国（主要是在临墨西哥湾的休斯顿、大西洋的波特兰港和纽约港）",原油和凝析油的2019年产量约为8300万桶/天，按照2010-2019年的数据推算，约每年增加100万桶/天的产量。预计其中超过三分之二为原油。,,石油主要被炼化用来作为成品油，广泛用于机动车、船、飞机等领域，占比达到60%左右；部分成分被用于生产树脂、橡胶、纤维等生活材料，占比约为15%；还有部分重质油被炼化生产石蜡、沥青、焦炭等，用于建筑、基建等领域，占比达到19%。,呼庆红,"ATLASCORE-3169, ATLASCORE-3591, ATLASCORE-3592",,ATLASCORE-3166,ATLASCORE-3164,,,," 
h5. 从地下天然油藏直接开采得到的液态碳氢化合物或其天然形式的混合物，通常是流动或半流动的粘稠液体。"
ATLASCORE-3164,液化天然气,2022-04-03T10:51:46.000+0800,,,,,,,,,,呼庆红,,ATLASCORE-3181,"ATLASCORE-3166, ATLASCORE-3178, ATLASCORE-3179, ATLASCORE-3180, ATLASCORE-3165",,,,,
ATLASCORE-3158,天然气,2022-04-25T16:16:07.000+0800,,,,,,,,,,呼庆红,"ATLASCORE-3345, ATLASCORE-3282, ATLASCORE-3164, ATLASCORE-3228",,ATLASCORE-3233,,,,,
ATLASCORE-3157,钢材,2022-04-14T10:47:29.000+0800,,,,,,,,,,呼庆红,ATLASCORE-3115,,,,,,,
ATLASCORE-3148,油气开采,2022-04-25T09:49:20.000+0800,,,,,,"油田服务行业未来市场空间：《财富商业观察》数据显示，到2027年，油田服务市场规模将达到3460亿美元，年复合增长率为6.6%；
油气行业未来市场：预计行业宏观基本面十分有利，原因为油气需求稳定复苏、供应市场日益紧张以及油价的支撑。因此可以预测油气服务业务的需求也处于稳定复苏趋势；
数字化油田服务方面主要有哈里顿、斯伦贝谢、GE和贝克休斯。",,,,呼庆红,"ATLASCORE-3166, ATLASCORE-3158, ATLASCORE-3165",,,,,,,
ATLASCORE-3143,油气仓储运输服务,2022-04-03T22:53:39.000+0800,,,,,,,,,,呼庆红,"ATLASCORE-3166, ATLASCORE-3158, ATLASCORE-3165",ATLASCORE-3120,,,ATLASCORE-3158,,,
ATLASCORE-3142,油气储运设备,2022-04-03T10:03:26.000+0800,,,,,,,,,,呼庆红,ATLASCORE-3143,ATLASCORE-3116,,,,,,
ATLASCORE-3141,页岩油气资源,2022-04-03T10:48:13.000+0800,,,,,,,,,,呼庆红,ATLASCORE-3170,ATLASCORE-3140,,,,,,
ATLASCORE-3140,非常规油气,2022-04-03T10:00:20.000+0800,,,,,,,,,,呼庆红,ATLASCORE-3132,ATLASCORE-3135,,,,,,
ATLASCORE-3139,深水油气,2022-04-03T09:58:16.000+0800,,,,,,,,,,呼庆红,ATLASCORE-3131,ATLASCORE-3135,,,,,,
ATLASCORE-3138,常规油气资源,2022-04-03T09:58:34.000+0800,,,,,,,,,,呼庆红,ATLASCORE-3130,ATLASCORE-3135,,,,,,
ATLASCORE-3137,煤层气资源,2022-04-03T09:59:20.000+0800,,,,,,,,,,呼庆红,,ATLASCORE-3140,,,,,,
ATLASCORE-3136,油砂,2022-04-03T09:59:20.000+0800,,,,,,,,,,呼庆红,,ATLASCORE-3140,,,,,,
ATLASCORE-3135,油气田,2022-04-03T09:59:21.000+0800,,,,,,,,,,呼庆红,,,,,,,,
ATLASCORE-3134,页岩油气开采设备,2022-04-03T10:48:13.000+0800,,,,,,,,,,呼庆红,ATLASCORE-3170,,,,,,,
ATLASCORE-3127,油气开采权,2022-04-03T10:42:54.000+0800,,,,,,,,,,呼庆红,,,,,,,,
ATLASCORE-3125,油井,2022-04-14T11:07:33.000+0800,,,,,,"油井建设未来市场空间：2021年全球石油钻井收入大约2535.4百万美元，预计2028年达到3276.8百万美元，2022至2028期间，年复合增长率CAGR为 3.7%（数据来源于环洋市场咨询）。
全球油井建设主要企业包括：斯伦贝谢、通用电气、韦瑟福德国际有限公司、哈里伯顿等。",,,,呼庆红,,,,,,,,
ATLASCORE-3124,勘探服务,2022-04-03T09:50:15.000+0800,,,,,,,,,,呼庆红,ATLASCORE-3125,ATLASCORE-3120,,,,,,
ATLASCORE-3123,压裂技术服务,2022-04-25T09:16:48.000+0800,,,,,,,,,,呼庆红,,"ATLASCORE-3120, ATLASCORE-3148",,,,,,
ATLASCORE-3120,油气服务,2022-04-14T10:43:24.000+0800,,,,,,,,,,呼庆红,,,,,,,,
ATLASCORE-3119,油气开采设备,2022-04-25T09:14:56.000+0800,,,,,,,,,,呼庆红,,ATLASCORE-3116,,,,,,
ATLASCORE-3118,造井设备,2022-04-25T09:50:30.000+0800,,,,,,,,,,呼庆红,ATLASCORE-3125,ATLASCORE-3116,,,,,,
ATLASCORE-3117,油气勘探设备,2022-04-03T09:49:17.000+0800,,,,,,,,,,呼庆红,ATLASCORE-3124,ATLASCORE-3116,,,,,,
ATLASCORE-3116,油气设备,2022-04-08T15:57:30.000+0800,,,,,,,,,,呼庆红,ATLASCORE-3120,,,,,,,
ATLASCORE-3115,油气设备零部件,2022-04-14T10:46:55.000+0800,,,,,,,,,,呼庆红,ATLASCORE-3116,,,,,,,
