,summary,updated,万得代码,别称,地域,规格,专业性质,市场特点,当前产能,扩产难度,其他性质,creator,是其原材料,有父节点,同位out,同位in,储运,生产产品,供应
ATLASCORE-3627,盐湖股份,2022-04-27T15:32:05.000+0800,000792.SZ,,察尔汗盐湖,,公司议价权较弱，氯化钾、碳酸锂等标准工业产品的定价受到国际市场以及全球供需关系的影响，中国氯化钾进口占比接近50%，由于钾资源全球分布不均，目前际钾肥市场仍由少数处于支配地位的企业所垄断。海外前七大钾肥生产企业加拿大Nutrien、美国美盛、乌拉尔钾肥、白俄罗斯钾肥、德国K+S、以色列ICL、欧洲化学公司Eurochem合计产能全球占比高达 83% 。国内钾肥价格除受国内市场供求影响和政府调控外，主要还受到国际钾肥价格的影响。因此盐湖股份产出品的价格随着国际钾锂巨头产品价格的波动而波动。,"氯化钾：550/0.7（产能占比）/0.5（国内自供占比）=1572（万吨）
2020年我国碳酸锂市场的规模为70.54亿元，然而2021年上半年的市场规模便达到了125.66亿元左右。",钾肥产量551.75万吨，氯化钾产能约500万吨，生产98%氯化钾85.5万吨，95%氯化钾产品380.29万吨，93%氯化钾产品70.99万吨。 公司2021年碳酸锂产量约2.27万吨， 2022年将达到满产3万吨碳酸锂产能。,扩产周期较长，难开发新的盐湖,公司氯化钾产能占全国的64%以上，产量位列全球第五，根据公司的销售量/全国消费量推算公司钾肥市占率约为41%；子公司蓝科锂业现有3万吨碳酸锂产能，公司与比亚迪合作的3万吨装置在未来投产后，公司将拥有6万吨碳酸锂产能，位列全国第四。,彭昊,,,,,,"['碳酸锂', '氢氧化锂', '氯化钾']",
ATLASCORE-3626,首钢股份,2022-04-26T20:41:40.000+0800,000959.SZ,,,,,,,,,彭昊,,,,,,,
ATLASCORE-3625,加拿大能源,2022-04-25T16:16:07.000+0800,OVV.N,,美国、加拿大,,根据短期/长期合同（石油最长4年、天然气最长2年、NGL最长7年）或其他协议进行销售。合同签订的价格主要由销售地区的产品指数价格决定,"- 美国市场空间数字：17.28-20.15亿美元/日
- 计算公式/官方信息：2160-2239万桶/日*80-90美元/桶 = 17.28-20.15亿美元/日","- 2021年产量数据：
1. 石油（单位：一千桶/天）：总产量140.3。其中美国地区产量为140，同期减少10.9，主要原因是出售了Eagle Ford的资产；加拿大地区产量为0.3，同期减少0.3。
2. 天然气（单位：一百万立方英尺/天）：总产量为1556。其中美国地区产量为490，同期减少39；加拿大地区产量为1066，同期增长66。
3. NGL（单位：一千桶/天）：总产量134.2。其中美国地区产量为78，同期减少3.4，主要原因是出售了Eagle Ford的资产；加拿大地区产量为56.2，同期增加0.2。","有一定的增产空间，但难以实现快速增产，一部分原因是页岩油气本身的开采成本和难度较高。油井增速：2021年公司新探明1口油井，新发开327口油井（均为净值）
截止2021年底，美国地区已开发土地净面积为148.5，未开发土地净面积为92.9；加拿大地区已开发土地净面积为49，未开发土地净面积为77.3","优势：公司掌握水平钻井技术，可以独立完成页岩油气的勘探和开采
劣势：公司成本较高；在风险方面过于保守，无法从油气价格上涨中充分受益",彭昊,,,,,,"['天然气凝析液', '天然气', '原油']",
ATLASCORE-3623,Mt.Cattlin,2022-04-25T10:03:29.000+0800,,,,,,,,,,呼庆红,,,,,,['锂精矿'],['雅化集团']
ATLASCORE-3622,ABY,2022-04-25T10:00:46.000+0800,,,,,,,,,,呼庆红,,,,,,['锂精矿'],['雅化集团']
ATLASCORE-3621,雅保锂业,2022-04-25T10:00:22.000+0800,,,,,,,,,,呼庆红,,,,,,"['碳酸锂', '氢氧化锂']",
ATLASCORE-3620,赣锋锂业,2022-04-25T09:59:45.000+0800,,,,,,,,,,呼庆红,,,,,,"['碳酸锂', '氢氧化锂']",
ATLASCORE-3619,Mt.Finniss,2022-04-25T09:58:57.000+0800,,,,,,,,,,呼庆红,,,,,,['锂精矿'],['雅化集团']
ATLASCORE-3617,豪瑞集团,2022-04-25T09:56:42.000+0800,,,,,,,,,,呼庆红,,,,,,['民爆服务'],
ATLASCORE-3607,雅化集团,2022-04-25T10:03:57.000+0800,002497.SZ,,民爆产品生产区域主要位于国家西部大开发地区中心地带（主要集中于四川省内），产品远销海内外，其中最主要的销售地包括四川区域、内蒙古区域、山西区域与海外区域。锂产品生产区域主要位于四川。,,,市场空间：2020年我国工业炸药销售量为448.08万吨。从市场空间来看，中国工业炸药市场规模不断扩大，但是增速有所放缓，据统计，2020年中国工业炸药市场规模为477.7亿元，同比上涨8.32%。2020年中国民爆生产企业累计完成生产总值335.88亿元，同比增长1.02%。2020年工业炸药平均产能利用率为83%；工业雷管平均产能利用率仅为33%。2020年我国锂产品的市场规模为194.56亿元，公司主要产品氢氧化锂和碳酸锂的市场规模分别为20.09亿元和95.97亿元。2021年我国氢氧化锂的产量为24万吨；我国碳酸锂的产量为17.5万吨，同比增长40.4%；88.6%。2020年氢氧化锂和碳酸锂的需求分别为3.66万吨和20.96万吨。,"炸药：2020年公司生产工业炸药总计196344吨，销售工业炸药196304吨。在产能方面，公司许可产能22.8万吨，产能利用率90.88%，暂无在建产能。
雷管：2020年公司生产雷管总计10764万发，销售雷管10205万发。在产能方面，公司许可产能为14620万发，产能利用率为58.73%，暂无在建产能。
锂产品：2020年公司生产锂产品总计13118吨，销售量17466吨。公司锂产品综合产能43000吨，其中氢氧化锂产能3.3万吨，碳酸锂产能0.6万吨。",在锂盐整体产能方面，公司将于今年年底扩产3万吨，整体产能将提升至7.3万吨。按照公司现有规划，其提升两吨产能，从开始建设到最终投产需要3年时间。,"民爆市占率：5.16%，竞争对手：云南民爆、保利久联、葛洲坝易普力。
锂产品市占率：14%，竞争对手：赣锋锂业、雅保锂业。",呼庆红,,,,,,"['民爆服务', '索类', '炸药', '碳酸锂', '氢氧化锂', '雷管']",['贝特瑞']
ATLASCORE-3606,皮博迪能源公司（Peabody）,2022-04-25T09:48:13.000+0800,BTU.N,,煤矿主要位于美国和澳大利亚，其中冶金煤主要源于澳大利亚的昆士兰州，动力煤主要源于美国的粉河盆地。 粉河盆地开采和其他美国矿产开采的动力煤产品的主要客户是美国国内发电厂。公司向亚太地区（澳大利亚等）客户出口冶金煤和动力煤。,,冶金煤产品价格较高，每公吨160-220美元；动力煤价格较低，每公吨50-130美元。公司处于最上游地位，煤矿成本为成本端大头。下游需求强劲，议价权较高。,2021年国际能源署(IEA)估计：煤炭消耗量将持续上涨，2024年达80.31亿吨消耗量，亚洲发展中国家煤炭消耗量持续增加。,"截至2021年12月31日，皮博迪通过所有权和租赁协议控制了约25亿吨已探明和可能的煤炭储量。
2021年，皮博迪通过持续经营，分别生产和销售了1.269亿吨和1.301亿吨煤炭。
2021生产情况为：海外动力煤共0.17亿吨、海外冶金煤近0.045亿吨、粉河盆地动力煤开采0.883亿吨、其他美国矿区动力煤开采0.171亿吨。","完全开新矿很困难，产能一旦建设完成不能再增加，但调整产能利用率不难，以周为单位调整。一个煤矿从审批建设到投产,短则3-5年,长则10年。公司实际产量近三年呈现降低态势，个别矿产自2019年逐步停产状态，未充分利用产能。无新项目建设情况。",,呼庆红,,,,,,['原煤'],
ATLASCORE-3604,朱砂能源,2022-04-25T09:49:20.000+0800,VET.N,,生产区域：加拿大、美国、法国、荷兰、德国、爱尔兰、澳大利亚、中欧和东欧；产品销往：加拿大、美国、法国、荷兰、德国、爱尔兰、澳大利亚、中欧和东欧,,,"原油：IEA预计2022年1月全球石油消费量环比增加660万桶/天，且预测2022年全球石油需求将达到1.006亿桶/天，相较于疫情前2019年的水平，高出30万桶/天
天然气：2020年，受新冠疫情与低油价双重冲击，世界天然气产量为3.85万亿立方米，同比下降 3.1%；消费量为3.82万亿立方米，同比下降2.3%。","北美地区：2021原油和凝析油的产能为890万桶，NGLS304万桶，天然气52878百万立方米；
国际市场：2021原油和凝析油502万桶，天然气32401百万立方米。",钻井到投产大概用时一个季度；2021公司在克罗地亚获得了SA-10天然气厂计划的批准，正在继续推进设计工作和监管工作，为2023年连接两口气井做准备。,在全球市场上市占率不到0.3%，竞争对手：Oasis Petroleum等。,呼庆红,,,,,,['油气开采'],
ATLASCORE-3603,加拿大自然资源,2022-04-25T09:50:30.000+0800,CNQ.N,,加拿大自然资源现有油田主要有 Quest、Horizon、NWR（North West Redwater），均位于加拿大 该产品的销售地分布情况为：95%销售至北美地区，3%销售至北海地区（英国东海岸附近的大西洋海域），2%销售至非洲沿岸国家,,,"目前加拿大原油储备和开采已处于饱和状态。
目前加拿大原油市场现状：受俄乌局势影响，近期加拿大原油价格不断攀升，目前温哥华地区汽油平均价格已达到每升2.009加元、不列颠哥伦比亚省普通汽油的平均价格达到每升1.86加元。",,"2022年一年的扩产计划：公司2022年原油和天然气凝析液目标产量为256-267Mbbl/d（2021年产量为245Mbbl/d）。公司2022年天然气目标产量为1,980 - 2,030MMcf/d（2021年产量为1693MMcf/d）。公司2022年油砂目标产量为690 - 715Mbbl/d（2021年产量为708Mbbl/d）。2022年加拿大自然资源新建设天然气井30座，原油井42座，服务井372座，总计444座。",,呼庆红,,,,,,"['造井设备', '石油炼制服务', '油气开采']",
ATLASCORE-3594,山脉资源集团,2022-04-21T16:08:51.000+0800,RRC.N,,集中在阿巴拉契亚盆地的宾夕法尼亚州（马塞勒斯页岩区），勘探和开发只在美国,,- 主要是水力压裂法，目前宾州还未禁止水力压裂法，美国95%的页岩油井都通过该工艺开采,"- 原油：IEA预计2022年1月全球石油消费量环比增加660万桶/天，且预测2022年全球石油需求将达到1.006亿桶/天，相较于疫情前2019年的水平，高出30万桶/天
- 天然气：2020年，受新冠疫情与低油价双重冲击，世界天然气产量为3.85万亿立方米，同比下降 3.1%；消费量为3.82万亿立方米，同比下降2.3%。","2021年：公司拥有1350口净产油井
- 天然气总产量541.0bcf
- NGL总产量36.4mmbbls
- 原油和凝析油总产量3.0mmbbls
",钻探新油井通常耗时三到五年之间，目前公司截止21年底还有(净)21口油井未完工,"优势（概括）：
- 天然气业务比重大，公司可以直接受益于天然气价格上升带来的价格红利
- 公司的马塞勒斯页岩区处于五大湖周围，没有受到飓风、热带风暴等自然灾害的较大影响
劣势（概括）：
- 规模较小，产业结构相对不够完整(炼油业务交给第三方)
",彭昊,,,,,,"['天然气凝析液', '天然气', '原油']",['埃克森美孚']
ATLASCORE-3590,南非萨索尔,2022-04-21T15:24:27.000+0800,SSL.N,,煤矿在南非，天然气与凝析油生产在莫桑比克，直采原油在加蓬，页岩气生产在加拿大,,"从南非国内市场来看：萨索尔公司可以满足南非全国1/4的燃油供应需求（南非每年消耗约2600万吨油品），并且了解到南非燃油自给率达50%左右，故推测公司在南非市占率至少为50%
从全球市场上看：公司2020年产液体燃料5270万桶（618），最新数据表明全球石油及液体燃料日均消耗9230万桶，故公司液体燃料产量达全球产量的0.156%","原油：2020年全球能源消费石油占31.2%，高于煤炭与天然气（27.2%、24.7%）。2020年全球石油已探明储量为17324亿桶（2363.4亿吨），20年产量为4165.1百万吨，20年消费量4006.7百万吨。
非洲石油产量占世界产油量的7.9%（南非占比未知）
成品油（液体燃料）：2020年全球成品油供应量大约为9001万桶/天，相较于2019年的9967万桶/天，下降了9.7%，达到了近九年来的最低点。 其中汽油、柴油和煤油的供应量别为2310万桶/天、2831万桶/天和594万桶/天，较2019年分别下降4百万桶/天，上升0.1百万桶/天和3百万桶/天。
2021年全球石油和液体燃料的日均消耗量将达到9770万桶，比2020年增加540万桶。 到2022年，石油和液体燃料的日消费量将增加370万桶，日均达到1.014亿桶。 ",公司称未来10年会保持4000万吨/年的煤炭用量,"关于产能调整，公司2001年成品油产量为630万吨，2002/2003年成品油产量为640万吨，2015年左右成品油年产量为678万吨，由上数据，十年产量增长约6%，但这是很具优势情况下的数据表现，由于环保方面的压力，公司成品油产量有所回落，如今产量估计为650万吨左右。

公司历史上较大程度扩产依靠合成燃料厂的新建，公司共有三座合成燃料厂，第一座建于20世纪50年代，第2、3座建于20世纪70年代。以现如今形式来看，公司因污染巨大饱受舆论压力，短期内难以建厂扩产。
改进技术也可以达到扩产效果（如2001到15年产量的增加，但技术更新的时间与效果无法预测），但公司可用的煤炭资源有限（有消息称可用到2040年），同时面临减排压力，以上会限制公司用煤量（公司称未来10年会保持4000万吨/年的煤炭用量）故预计公司较大幅度扩产希望不大","行业比较：原油供小于需的市场环境下，原油生产厂商议价能力提高。同时国内市场中，南非液体燃料自给率仅50%，对原油及液体燃料有迫切需求。
同业比较：公司毛利率为49%（原油单项毛利率数据未知，但公司主要业务为油气及化学品，化学品整体毛利率低于油气行业毛利率，故49%具有一定参考价值），中国石油炼化行业毛利率为30%，故公司对比同业议价能力较高。",彭昊,,,,,,"['原煤', '成品油', '天然气', '原油']",
ATLASCORE-3586,恒逸石化,2022-04-18T15:50:25.000+0800,000703.SZ,,,,,,,,,彭昊,,,,,,['涤纶长丝'],
ATLASCORE-3585,新凤鸣,2022-04-18T15:49:47.000+0800,603225.SH,,,,,,,,,彭昊,,,,,,['涤纶长丝'],
ATLASCORE-3577,桐昆股份,2022-04-18T15:48:08.000+0800,601233.SH,,长江三角洲经济区,,本公司主要采用大容量熔体直纺技术和切片熔融纺技术生产功能性差别化涤纶长丝产品。大容量熔体直纺技术以 PTA、MEG 为原料，经过聚合、纺丝工艺生产涤纶长丝，具有“大容量、高配置、高品质、柔性化、功能差别化、低能耗、低排放、短流程、低成本”等特点；切片熔融纺技术以切片为原料，经过干燥和再熔融生产高品质、高性能、高附加值纤维，具有“生产品种丰富、灵活性大、混炼均匀”等特点。,"2021 年，POY、FDY、DTY 平均价格 分别为 7380、7553、8947 元/吨 （中信建投22年3月）
从22年1月至今，价格大约为POY价格约7900元/吨、FDY价格约8400元/吨、DTY价格约9500元/吨。（由价格走势图归纳），同比增减+7%、+11%、+6%。（公司财报说其销售方式是库存销售，在售卖时会按市场价格水平进行调整，可以推测价格和市价差不多）
涤纶长丝价格22年的价格走高多源于原油价格波动、成本段支撑，但终端需求依然偏弱、服纺产品并不属于明显必需品。极可能出现终端向上游负反馈情况。
受疫情冲击终端纺织发酵，货源交付有一定阻力，主要存在运输环节。新订单下达迟缓，或订单因出货不顺畅而取消。终端需求依旧偏弱，江浙地区织造开工率大幅下滑46%以下。江浙织机开工率由21年3月70%左右降低至22年4月46%。","公司现已具备1000万吨原油加工权益量、420万吨PTA、810万吨聚酯聚合、860万吨涤纶长丝年生产加工能力。（源自4月11日官网）
公司3月28日在投资者互动平台表示，公司目前FDY产能约为100万吨/年。3月22日在投资者互动平台表示，公司现有的DTY产能约80万吨/年， POY产能约700万吨/年。复合丝则是两种及以上的丝混合制成。",桐昆集团东聚酯一体化项目（年产500万吨PTA+90万吨FDY+150万吨POY产能）于2020年8月开始建设，计划其聚酯长丝装置拟于2021年年底陆续投产，后续聚酯长丝及PTA装置预计将于2023年全部建成投产。,,彭昊,,,,,,"['涤纶长丝', '聚酯切片', '精对苯二甲酸']",
ATLASCORE-3572,江特电机,2022-04-18T10:53:25.000+0800,002176.SZ,,,,"1.打入下游企业供应链，零售、订单化销售，主要是提供特种电机的配套供应
2.直接产成碳酸锂，作为磷酸铁锂、三元及锰酸锂等正极材料的基础原材料出售给正极材料生产企业，处于行业上游",公司电机下游主要是电梯、电控系统、汽车和齿轮箱；碳酸锂主要是磷酸铁锂、锰酸锂和三元锂电池正极原材料,公司拥有两条锂云母制备碳酸锂产线共计年产能1.5万吨，主要通过使用公司采选的锂云母材料及外购辅料加工成碳酸锂产品；公司拥有一条利用锂辉石制备碳酸锂年产能1.5万吨的产线、一条利用锂辉石年产能1万吨氢氧化锂产线及0.5万吨碳酸锂产线（建设中）（2021半年报）。2022年预计总产能达到3.5万吨碳酸锂产能和1万吨氢氧化锂产能。,"根据公司扩产计划，一万吨锂盐产能扩张周期在1-1.5年，建设完成后会在3个月内逐步达产
电机一般不存在扩产计划",建机电机近几年市场占有率持续保持在40%以上，年产量可达10万台以上；风电配套电机的市场占有率高达60%，年产量可达10万台以上；伺服电机市场占有率10%，年产量可达80万台以上,彭昊,,,,,,"['电池级碳酸锂', '氢氧化锂', '锂云母', '锂辉石']",
ATLASCORE-3565,恩捷股份,2022-04-14T21:15:59.000+0800,,,,,,,,,,呼庆红,,,,,,['隔膜'],
ATLASCORE-3563,杉杉股份,2022-04-24T10:38:47.000+0800,,,,,,,,,,呼庆红,,,,,,['锂电池电解液'],['天赐材料']
ATLASCORE-3562,新宙邦,2022-04-14T21:14:18.000+0800,,,,,,,,,,呼庆红,,,,,,['锂电池电解液'],
ATLASCORE-3561,天际股份,2022-04-14T21:13:58.000+0800,,,,,,,,,,呼庆红,,,,,,['锂电池电解液'],
ATLASCORE-3560,天赐材料,2022-04-24T10:40:43.000+0800,002709.SZ,,江西、江苏,,"- 六氟磷酸锂合成，公司用的是有机溶剂分散法，将LiF颗粒悬浮于有机溶剂中，通入PF5反应生成LiPF6。这个方法优点是避免使用腐蚀性HF，反应较温和，缺点是反速度慢、有机溶剂制备的产品纯度只有90%~95%，PF5易与有机溶剂反应，导致溶液颜色加深且引入大量杂质，同时LiPF6晶体难分离。
- LiFSI合成路线主要为氯磺酸法和硫酰氟法，氯磺酸法为主流，公司两种方法均有所布局。LiFSI合成主要分为中间体双氟磺酰亚胺合成及锂化两个环节，两种合成方法的区别在于使用不同的原料合成中间体双氟磺酰亚胺，氯磺酸法使用氯磺酸、氯化亚砜、氨基磺酸或氯磺酸、氯磺酰异氰酸酯为原料，硫酰氟法以硫酰氟及氮化锂为原料，锂化环节一般使用碱性锂或卤化锂。",动力电池拉动电解液需求，预计2025年全球电解液需求为221.3万吨。预计2020- 2025年全球电解液需求由41.9万吨增至221.3万吨，CAGR将达到39.5%。按12%的添加比例算，预计2020-2025年全球六氟磷酸锂需求由5.0万吨增至26.6万吨。 目前LiFSI在电解液中仅作为添加剂，添加比例一般在1%-3%，未来随着成本下降、 下游应用成熟，其添加比例有望不断上升。若添加比例达到5%，则2025年LiFSI全球需求可达11.1万吨。 ,"电解液：
2020年公司电解液产能10.6万吨，预计2021年达25.6万吨。公司电解液规划总产能为120万吨。
六氟磷酸锂
公司目前拥有折固3.2万吨的六氟磷酸锂产能，新的技改扩产项目正在建设中，2022年技改后新增3万吨产能，2023年投产15万吨液体六氟产能（折固5万吨），2024年投产20万吨液体六氟产能（折固6.7万吨）。预计2024年公司六氟折固产能为17万吨。
按照六氟与电解液8：1的配比，可满足135万吨电解液需求，六氟产能与电解液产能匹配。 
LiFSI
公司已有产能0.6万吨，2022年上半年技改后预计产能增至1万吨。公司于九江另有6万吨中间体HFSI在建，对应5.7万吨LiFSI产能，预计将于2022年投产。预计九江2万吨产能、南通2万吨产能分别于2023、2024年投产。预计2024年公司LiFSI总产能达6万吨。 ","公司新建产线从15-30个月不等，技改项目一般需要2年。
- 根据公司历史的项目建设公告，公司新建六氟磷酸锂、LiFSI的产线一般需要15-30个月，产能越高时间越长，如年产2万吨双氟磺酰亚胺锂项目需要15个月建成，而年产2万吨电解质基础材料及5800吨新型锂电解质项目则需要30个月才能建成。公司技改的项目是2020年发布，预计2022年中完成，因此预计技改项目大概需要2年时间，可以新增六氟磷酸锂产能3万吨。
- 产能利用率与添加剂VC的量有关系，因此若要提高产能利用率，还要看其他原材料的短缺与否，周期不固定。","公司2021年电解液产能预计2021年达25.6万吨，2021年全国总产能预计为96.1万吨，因此，天赐材料市占率为26.64%，为市占率第一。
2017-2020年行业CR4由55%增至66%.
公司是宁德时代第一大供应商，少量供给给LG chem、三星SDI，还有一些供给给国轩高科。
而新宙邦则均少量供给给宁德时代、LG chem、松下、三星SDI，杉杉股份则主要大量供给给亿纬锂能，部分给国轩高科。因此可以看出不同电解液的公司会供给不同的客户，提升市占率的重点则在于打客户。
从电解液营收来看，公司领先市场其他公司，是其他公司的二倍及以上；
从毛利率来看，公司更是领先，主要原因是公司对电解液全产业链布局，有效降低成本，增加了利润。",呼庆红,,,,,,"['锂电池电解液', '六氟磷酸锂', '双氟磺酰亚胺锂']","['宁德时代', 'LG化学']"
ATLASCORE-3559,新泰材料,2022-04-14T21:13:16.000+0800,,,,,,,,,,呼庆红,,,,,,['六氟磷酸锂'],
ATLASCORE-3558,多氟多,2022-04-14T21:14:51.000+0800,,,,,,,,,,呼庆红,,,,,,"['锂电池电解液', '六氟磷酸锂']",
ATLASCORE-3557,石大胜华,2022-04-14T21:12:33.000+0800,,,,,,,,,,呼庆红,,,,,,['碳酸二甲酯（DMC）'],
ATLASCORE-3544,贝特瑞,2022-04-25T10:03:57.000+0800,,,,,,,,,,呼庆红,,,,,,['天然石墨负极'],
ATLASCORE-3512,先导智能,2022-04-14T20:25:12.000+0800,,,,,,,,,,呼庆红,,,,,,['锂电池中段设备'],
ATLASCORE-3511,赢合科技,2022-04-14T20:24:48.000+0800,,,,,,,,,,呼庆红,,,,,,"['锂电池前段设备', '锂电池中段设备']",
ATLASCORE-3510,璞泰来,2022-04-14T20:24:14.000+0800,,,,,,,,,,呼庆红,,,,,,['锂电池前段设备'],
ATLASCORE-3509,科恒股份,2022-04-14T20:23:50.000+0800,,,,,,,,,,呼庆红,,,,,,['锂电池前段设备'],
ATLASCORE-3508,杭可科技,2022-04-14T20:23:00.000+0800,,,,,,,,,,呼庆红,,,,,,['锂电池后段设备'],
ATLASCORE-3507,亿纬锂能,2022-04-14T20:18:50.000+0800,,,,,,,,,,呼庆红,,,,,,"['锂电池电芯', '锂电池模组', '锂电池']",
ATLASCORE-3490,Ener Venue,2022-04-14T10:57:02.000+0800,,,,,,,,,,呼庆红,,,,,,['氢镍电池技术'],['斯伦贝谢']
ATLASCORE-3489,热能合作伙伴公司,2022-04-14T10:56:09.000+0800,,,,,,,,,,呼庆红,,,,,,['地热资源'],
ATLASCORE-3488,Genvia,2022-04-14T10:56:20.000+0800,,,,,,,,,,呼庆红,,,,,,['氢气'],
ATLASCORE-3479,伍德赛德能源,2022-04-14T11:01:03.000+0800,WOPEY.US,,澳大利亚,,,,,,,呼庆红,,,,,,['油气开采'],
ATLASCORE-3478,美国钢铁,2022-04-14T10:48:00.000+0800,,,,,,,,,,呼庆红,,,,,,['钢材'],['斯伦贝谢']
ATLASCORE-3477,美国铝业,2022-04-14T10:48:00.000+0800,,,,,,,,,,呼庆红,,,,,,['铝材'],['斯伦贝谢']
ATLASCORE-3475,微软,2022-04-14T11:01:20.000+0800,MSFT.O,,,,,,,,,呼庆红,,,,,,['油服软件'],['斯伦贝谢']
ATLASCORE-3474,谷歌,2022-04-14T11:01:39.000+0800,GOOGL.O,,,,,,,,,呼庆红,,,,,,['油服软件'],['斯伦贝谢']
ATLASCORE-3472,索菱股份,2022-04-14T10:03:02.000+0800,,,,,,,,,,呼庆红,,,,,,['汽车中控屏'],
ATLASCORE-3471,路畅科技,2022-04-14T10:03:02.000+0800,,,,,,,,,,呼庆红,,,,,,['汽车中控屏'],
ATLASCORE-3470,松芝股份,2022-04-14T10:01:56.000+0800,,,,,,,,,,呼庆红,,,,,,['汽车空调'],
ATLASCORE-3469,奥特佳,2022-04-14T10:01:56.000+0800,,,,,,,,,,呼庆红,,,,,,['汽车空调'],
ATLASCORE-3468,三花智控,2022-04-14T10:01:56.000+0800,,,,,,,,,,呼庆红,,,,,,['汽车空调'],
ATLASCORE-3467,万通智控,2022-04-14T10:01:05.000+0800,,,,,,,,,,呼庆红,,,,,,['车身传感器'],
ATLASCORE-3466,保隆科技,2022-04-14T10:01:05.000+0800,,,,,,,,,,呼庆红,,,,,,['车身传感器'],
ATLASCORE-3465,德赛西威,2022-04-14T10:03:01.000+0800,,,,,,,,,,呼庆红,,,,,,"['车身传感器', '汽车中控屏']",
ATLASCORE-3464,上声电子,2022-04-14T09:59:57.000+0800,,,,,,,,,,呼庆红,,,,,,['车载扬声器'],
ATLASCORE-3463,北斗星通,2022-04-14T09:59:25.000+0800,,,,,,,,,,呼庆红,,,,,,['车载导航'],
ATLASCORE-3462,KeepTruckin,2022-04-14T09:59:05.000+0800,,,,,,,,,,呼庆红,,,,,,['行车记录仪'],
ATLASCORE-3453,天奇股份,2022-04-14T09:55:10.000+0800,,,,,,,,,,呼庆红,,,,,,['汽车智能生产设备'],
ATLASCORE-3451,旷达科技,2022-04-14T09:53:17.000+0800,,,,,,,,,,呼庆红,,,,,,['汽车内饰'],
ATLASCORE-3450,麦格纳,2022-04-14T09:52:54.000+0800,,,,,,,,,,呼庆红,,,,,,['汽车座椅总成'],
ATLASCORE-3449,李尔,2022-04-14T09:52:41.000+0800,,,,,,,,,,呼庆红,,,,,,['汽车座椅总成'],
ATLASCORE-3448,天成自控,2022-04-14T09:52:21.000+0800,,,,,,,,,,呼庆红,,,,,,['汽车座椅总成'],
ATLASCORE-3447,华阳集团,2022-04-14T10:03:02.000+0800,,,,,,,,,,呼庆红,,,,,,"['汽车中控屏', '汽车仪表盘']",
ATLASCORE-3441,岱美股份,2022-04-14T09:54:08.000+0800,,,,,,,,,,呼庆红,,,,,,"['汽车座椅头枕', '汽车内饰']",
ATLASCORE-3440,继峰股份,2022-04-14T09:53:32.000+0800,,,,,,,,,,呼庆红,,,,,,"['汽车座椅总成', '汽车座椅头枕']",
ATLASCORE-3433,北特科技,2022-04-14T09:46:04.000+0800,,,,,,,,,,呼庆红,,,,,,['转向系统'],
ATLASCORE-3432,富奥股份,2022-04-14T09:45:52.000+0800,,,,,,,,,,呼庆红,,,,,,['转向系统'],
ATLASCORE-3431,德尔股份,2022-04-14T09:45:38.000+0800,,,,,,,,,,呼庆红,,,,,,['转向系统'],
ATLASCORE-3430,耐世特,2022-04-14T09:45:23.000+0800,,,,,,,,,,呼庆红,,,,,,['转向系统'],
ATLASCORE-3428,采埃孚,2022-04-14T09:43:48.000+0800,,,,,,,,,,呼庆红,,,,,,['电子驻车制动系统'],
ATLASCORE-3427,亚太股份,2022-04-14T09:42:45.000+0800,,,,,,,,,,呼庆红,,,,,,['鼓式制动器'],
ATLASCORE-3426,伯特利,2022-04-14T09:42:22.000+0800,,,,,,,,,,呼庆红,,,,,,"['电子驻车制动系统', '汽车制动器']",
ATLASCORE-3417,万里扬,2022-04-14T09:37:00.000+0800,,,,,,,,,,呼庆红,,,,,,['变速器'],
ATLASCORE-3414,赛轮轮胎,2022-04-14T09:31:28.000+0800,,,,,,,,,,呼庆红,,,,,,['轮胎'],
ATLASCORE-3412,拓普集团,2022-04-14T09:54:08.000+0800,,,,,,,,,,呼庆红,,,,,,"['线控制动系统', '空气悬挂系统', '汽车内饰']",
ATLASCORE-3401,华域汽车,2022-04-14T10:01:05.000+0800,,,,,,,,,,呼庆红,,,,,,"['汽车骨架', '汽车内饰', '车身传感器', '汽车外饰']",
ATLASCORE-3400,坤彩科技,2022-04-14T09:18:49.000+0800,,,,,,,,,,呼庆红,,,,,,['汽车级珠光材料'],
ATLASCORE-3393,朗科智能,2022-04-14T09:12:20.000+0800,,,,,,,,,,呼庆红,,,,,,['电机控制器'],
ATLASCORE-3392,蓝黛科技,2022-04-14T09:37:19.000+0800,,,,,,,,,,呼庆红,,,,,,"['驱动电机', '变速器']",
ATLASCORE-3389,LG化学,2022-04-24T10:38:38.000+0800,,,,,,,,,,呼庆红,,,,,,"['锂电池电芯', '锂电池模组', '锂电池']",
ATLASCORE-3388,宁德时代,2022-04-24T10:38:38.000+0800,,,,,,,,,,呼庆红,,,,,,"['锂电池电芯', '锂电池模组', '锂电池']",
ATLASCORE-3384,小鹏,2022-04-14T09:04:57.000+0800,,,,,,,,,,呼庆红,,,,,,['新能源汽车'],
ATLASCORE-3383,理想,2022-04-14T09:04:29.000+0800,,,,,,,,,,呼庆红,,,,,,['新能源汽车'],
ATLASCORE-3382,蔚来,2022-04-14T09:04:15.000+0800,,,,,,,,,,呼庆红,,,,,,['新能源汽车'],
ATLASCORE-3381,特斯拉,2022-04-14T09:04:02.000+0800,,,,,,,,,,呼庆红,,,,,,['新能源汽车'],
ATLASCORE-3380,大众汽车,2022-04-14T09:03:28.000+0800,,,,,,,,,,呼庆红,,,,,,['汽车'],
ATLASCORE-3379,一汽集团,2022-04-14T09:00:45.000+0800,,,,,,,,,,呼庆红,,,,,,['汽车'],
ATLASCORE-3378,上汽集团,2022-04-14T09:00:27.000+0800,,,,,,,,,,呼庆红,,,,,,['汽车'],
ATLASCORE-3377,潍柴动力,2022-04-14T08:59:53.000+0800,,,,,,,,,,呼庆红,,,,,,['汽车发动机'],
ATLASCORE-3376,三菱重工,2022-04-14T08:58:51.000+0800,,,,,,,,,,呼庆红,,,,,,['汽车发动机'],
ATLASCORE-3367,郑煤机,2022-04-08T15:35:12.000+0800,601717.SH,,,,,,,,,彭昊,,,,,,['煤矿用设备'],['中国神华']
ATLASCORE-3366,登海种业,2022-04-05T21:16:37.000+0800,002141.SZ,,,,,,,,,彭昊,,,,,,['玉米种子'],
ATLASCORE-3365,垦丰种业,2022-04-05T21:15:40.000+0800,831888.SZ,北大荒,,,,,,,,彭昊,,,,,,"['转基因技术服务', '粳稻']",
ATLASCORE-3364,荃银高科,2022-04-05T21:14:53.000+0800,300087.SZ,,,,,,,,,彭昊,,,,,,['籼稻'],
ATLASCORE-3359,隆平高科,2022-04-05T21:13:37.000+0800,000998.SZ,,中国南方,,"对于制种的大型公司来说，具有较高议价能力， 荃银高科水稻种子利润率为44.52% ，隆平高科利润率虽略低于荃银高科，但依然有31.84%，远高于其下游水稻种植（种植业利润率为15%~20%）
对于中小型企业，在水稻种子这一产品上议价能力很低，国内水稻种子供应量过多，库存积累只能卖给政府，政府收购对于水稻种子价格存在最高限价（但未注明价格）","国际市场上（此处稻谷为种用稻谷）2020年中国稻谷出口数量为2.3万吨，同比增长31.0%；进口数量为2.73万吨，同比增长18.12%，由此可见稻谷库存有降低趋势，此方向可能会因俄乌战争发生变化
2020年中国稻谷出口金额为8284.5万美元，进口金额为1102.2万美元，主要出口至南亚、东南亚国家
国内市场上，自2016年以来，受供给侧改革影响，农业去库存，致使17~18年市场下行趋势明显，18年水稻种植面积下降1.8%（但杂交稻种植面积不降反升，增长了2万亩，增加1%），由于育种技术不断强化，水稻产量未发生大变化。2019年行业有所回升，此趋势保持至今（隆平高科18年业绩（35.8）很好，19年业绩（31.3）很差）","水稻种子
20年营收13.9亿，同比增加10.69%
公司主要水稻品种合计推广面积达2364万亩。制种面积数据未披露
产能情况：公司主栽品种为Y两优911、隆两优华占的试验田于21年7月15日验收测产最高单产1400斤，平均亩产1100斤，达到平均亩产1000斤目标。",田间制种一般需要四个月左右，籼型杂交水稻亲本为籼稻，籼稻按播种时间分为早稻与中晚稻，已知杂交稻制种授粉发生于七月下旬，故制种对应时期应与中晚稻生长期接近，为6~10月。21年8月有新闻称杂交水稻机械化种植已经取得突破，如果机械化种植大范围应用，将节省15~20天时间。,,彭昊,,,,,,"['籼稻', '玉米种子']",
ATLASCORE-3289,陕西煤业,2022-04-04T13:20:10.000+0800,601225.SH,,生产区域主要在位于陕西榆林的主力煤业矿井；分矿区则分别是陕北矿区（神府、榆横）、彬黄矿区（彬长、黄陵）和渭北矿区。公司产品销往中国境内外，还销往新加坡等海外地区。其中销往华东地区的产品占比最大。,公司的产品是动力煤，根据2020年年报，价格为373.93元/吨。其中原选煤售价为360.60元/吨；洗煤售价为390.53元/吨。根据2021年半年度报告，价格为500.45元/吨，同比上升164.60元/吨，增幅49.01% 公司在市场上的议价权较大。,"公司的产品生产工艺主要包括煤炭开采、煤炭洗选和动力配煤。
不适用，最大的原材料是煤矿，公司自有，自行开采。除此之外其原材料还包括铁路运输、煤矿开采设备等。","2022年市场空间预计为37.4亿吨
根据动力煤的需求端来看，发电的需求比较稳定，约占动力煤总需求的60%，据此我们可以做出合理推测，公司产品所对应的最主要的下游部分为发电，约占60%，剩余部分为冶金和化工。
市占率：动力煤市场占比35.7%，占比全国最高；在整个煤炭市场占比7%左右
竞争对手：中国神华；中煤能源；兖州煤业
优势（概括）：大型煤井占比高；具有资源优势与地理位置优势；产品质量高；背靠陕西省政府和陕煤集团
劣势（概括）：生产能力距离中国神华这一主要竞争对手还有较大差距；海外市场较小。
",据2020年年报，公司的动力煤总产量为1.25亿吨，同比增加9.06%。公司核定产能为1.3205亿吨。,总体来说，如果公司对现有矿井进行改建扩建以进行产能调整，则所需周期相对较短。但是若公司想要完全新开矿井，则相对困难，且所需周期较长。,"研发费用：46060万元，占营业收入比例的0.49%。
财务利息：4400万元（比同期减少5.2亿元，主要因为本期有息负债较去年大幅度下降）。
人工费用：418904.88万元，主要发生于煤炭采掘过程中。
据公司年报披露，其生产的煤炭主要用于电力、冶金和化工，因此其下游为发电、冶金和化工。
",王泽澎,,,,,,['动力煤'],
ATLASCORE-3288,长源电力,2022-04-04T10:01:30.000+0800,,,,,,,,,,呼庆红,,,,,,['火电'],
ATLASCORE-3287,潞安环能,2022-04-04T10:15:33.000+0800,601699.SH,,子公司均在山西境内，产能均处于山西境内；下游客户集中在山西、山东、江苏地区，区位上有相对集中的特点，客户区位跨度小，多在沿海地区。,,"煤炭业务有洗煤工艺，即从煤矿挖出煤炭，通过采选工艺初步加工煤炭，去除杂质，再经过洗煤工艺进行深加工，分出混煤、洗精煤、喷吹煤、洗混块等4大类煤炭产品以及焦炭产品，主要用于发电、动力、炼焦和钢铁行业。；
公司披露的煤炭上游原材料为煤矿设备、煤炭监测设备，煤矿资源是核心原材料。","2021年全国动力煤消费量40.85亿吨。（国家能源局）
从煤炭销售量看，潞安环能处于全国第9-10的位置，市占率约2.3%。但在喷吹煤细分煤中，潞安环能是绝对的龙头。","煤炭：公司现有18座标准化矿井，平均单井产量超过200万吨/年，总产能3600万吨以上（ 3740万吨 ）。 核定产能4965万吨。
焦化：公司2020年焦化在产产能216万吨/年，2021年8月新建产能140万吨落地。公司焦炭、焦炉气历史最高年产量分别为191.94万吨（2020）、104万吨（2021H1）。","公司近期煤炭无扩产计划，但集团内（母公司）仍有未属于上市子公司所属的煤矿资产，主要的有3000多万吨，不排除未来内部的资产注入。
焦化业务公司140万吨扩产计划约2年落地投产。",,呼庆红,,,,,,"['炼焦煤', '动力煤']",['长源电力']
ATLASCORE-3285,盘江股份,2022-04-04T08:26:46.000+0800,,,,,,,,,,张子萱,,,,,,['炼焦煤'],
ATLASCORE-3284,平煤股份,2022-04-04T08:32:21.000+0800,601666.SH,,精煤销售市场以中南地区为主，西南、华东及海外出口为辅，包括湖北、湖南、广西等省份。动力煤市场以河南区域为主，湖北、安徽为辅。,精煤价格在1198元/吨，动力煤价格在430元/吨。在河南公司的议价权较高。,,"- 河南省煤种较全，以焦煤、无烟煤为主，分别占资源总量的70.53%与28.98%。
- 参考动力煤报告结论，中国原煤产能45亿吨，35亿吨是动力煤，45-35=10 ，全国焦煤年产在10亿吨。
- 2020年，河南省能源工作会议指出，河南的原煤产能在1.1亿吨，其中以焦煤居多","2021年，产能为混煤1500万吨，精煤1140万吨，其它洗煤472万吨，公司共有 4 个洗煤厂，焦煤洗选能力为 2160 万吨/年，动力煤洗煤能力为 1,125 万吨/年。精煤里，优质低硫焦精煤年产量 650 万吨，位居全国第一，是国内优质低硫焦精煤第一大生产商和供应商。",完全开新矿很困难，产能一旦建设完成不能再增加，但调整产能利用率不难，以周为单位调整。,从成本端来看，人力成本占比最高，达到36.75%。其次是选煤过程中的损耗/不需要的部分。指用于选煤生产并计入选煤成本的自用煤，占33%。安全生产费用占9.94%。材料占8.6%，主要指选煤时用到的木材，钢铁管，传送绳等等。电力占4.71%,张子萱,,,,,,['炼焦煤'],
ATLASCORE-3283,山西焦煤,2022-04-26T20:41:40.000+0800,00098.SZ,,山西,,,"2021年，全国规模以上工业原煤产量40.7亿吨，同比增长4.7%。山西原煤产量11.9亿吨，
同比增长10.5%全年煤炭进口量3.2亿吨，同比增长6.6%。
从需求侧看，国内煤炭消费增长明显，全国煤炭消费总量较上年增长约4.6%。其中，
电力行业耗煤量增长10.0%，约占全国煤炭消费总量的56.4%；钢铁行业耗煤量同比下降
8.2%，建材、化工行业耗煤量同比分别增长10.2%和6.9%。（中国神华2021年年报）","煤炭产能超5000万吨，电力装机容量463万千瓦，焦炭产能640万吨，水泥产能510万吨。（2021年10月官网数据）
华晋焦煤拥有丰富的优质煤炭资源，井田面积 159.60 平方公里，地质储量 23.19 亿吨，设计产能 1190 万吨/年。 （收购进行中）",完全开发新矿比较难，可以增产，但增产产量不大，主要通过并购增加产能,商品煤市占率1%，炼焦煤市占率2.94%,张子萱,,,,,,"['炼焦煤', '焦炭', '动力煤', '火电']",['首钢股份']
ATLASCORE-3279,中国神华,2022-04-25T09:57:19.000+0800,601088.SH,,核心产区位于内蒙古,,公司煤炭销售主要采取年度和月度长协单进行供货，2018年至今，长单销售煤炭占比均超过80%。因下游均为火电厂，价格趋于稳定；火电直接通过并网，电价参考各省电价政策,"公司下游发电厂客户主要在福建、河北、重庆、浙江等省，分布范围广，因此可以用全国煤炭消费量作为公司的市场空间。2021年全国动力煤消费量40.85亿吨。
从政策上看价格，长单中枢价格700元/吨，较之前的基准增长了31%。公司所在秦皇岛下水煤价格区间在570-770元之间，价格弹性空间相较去年12月份放窄100元","- 公司煤炭总产能3.35亿吨，2021年自产3.04亿吨，销量4.82亿吨。
- 公司2020年底有31204MW火电装机量，2021年相较2020年增长22.3%。今年将有3000MW新增规模预期，年底或将有41162MW装机规模。",煤炭品质公司没有披露出其特征，据此判断公司煤炭品质及售价不存在竞争优势；同时公司下游客户均为发电厂，在国家政策的约束下，公司可能无法在煤炭供应紧张期间赚取超额收益,煤矿一个产能的建设需要经过勘探、报备、审批等流程，受政府及能源局严格管控。一定规模产能建设完成后，实际产量也受政府及能源局调控。一般一个煤矿从报备到建设完成周期2-4年，实际产能一般小于设计产能,张子萱,,,,,,"['煤炭铁路运输', '动力煤', '火电', '民爆服务']",
ATLASCORE-3277,中煤能源,2022-04-04T08:35:56.000+0800,,,,,,,,,,张子萱,,,,,,"['动力煤', '煤矿用设备']",
ATLASCORE-3201,新疆新鑫矿业,2022-04-03T20:53:48.000+0800,3833.K,,新疆,,"- 以上海长江有色金属现货市场的现货价格为结算依据，一般采取随行就市的短单进行销售，不签订长期的购销合同，如出现客户付款不及时，本集团可随时更新客户。因此，本集团的销售不存在依赖单一大客户或重大客户信贷风险。
- 采取了现货与期货相结合点价销售的营销方式，以实现产品在较高市场价格时实现销售，提高企业的经济效益为目的",,"- 解镍和阴极铜：
20年电解镍产量为1.18万吨，阴极铜产量为1.13万吨。国内第二大电解镍生产商，阴极铜占据国内市场份额的微乎其微。
21年上半年生产电解镍6,122吨，销售5,879吨；生产阴极铜5,640吨，销售4,331吨。
于2021年下半年，公司计划生产电解镍5,678吨，计划生产阴极铜5,637吨。
综上，21年预计产能1.18万吨电解镍，1.27万吨阴极铜。（同20年相比变化不大）
- 矿石开采：
2020年度，总矿石量为232.5万吨，喀拉通克矿业生产矿石近80万吨，新疆亚克斯及哈密聚宝生产矿石152.5万吨左右。
- 选矿业务：
2020年度，喀拉通克矿业生产镍铜混合精矿近10.7万吨；新疆亚克斯及哈密聚宝生产镍精矿5.43万吨，生产铜精矿9,846吨。
- 其他冶炼产品
2020年度，喀拉通克矿业生产水淬金属化高冰镍22,533吨；新疆众鑫矿业有限责任公司（「哈密众鑫」）生产水淬金属化高冰镍9,238吨，公司高冰镍总产能约为3.17万吨。","公司仅拥有硫化物矿来提炼镍，招股说明书中表示无意收购从红土矿提炼镍的技术能力，且近几年报告未曾提及进军红土矿，推测公司依旧“靠山吃山”，未来十年内以新疆地域内硫化矿拓建项目为主
镍矿勘探难度较高，开采选矿过程中需要大量人力，产能调整并不容易。公司自18年以来一直在做技术改造项目，年产值变化不大，电解镍产量每年增加700~1000吨。有些年份阴极铜实际产量会比计划产量少。扩张方面以并购收购为主。","优势：电解镍产量全国第二，新疆镍资源丰富靠山吃山，新疆区域内无敌手，且销售策略上“惜销”，会根据市场价格调整销量以及现货期货比例以达成更大的经济效应
劣势：没有进出口业务，技术固步自封，研发支出少，产量增速慢。产业链不完整，不生产铜加工产品（如电解铜箔）",彭昊,,,,,,['电解镍'],
ATLASCORE-3200,中芯国际,2022-04-03T15:10:45.000+0800,688981.SH,,,,,,,,,彭昊,,,,,,['制成晶圆'],
ATLASCORE-3189,江化微,2022-04-03T15:10:44.000+0800,603078.SH,,四川,,"公司产品的生产工艺主要为物理纯化的提纯工艺和配方性的混配工艺，以下为物理纯化包含的范围：
  - 萃取、过滤、蒸发结晶","根据中国电子材料行业协会预计，到2020年，我国湿电子化学品市场规模将超过105亿元，需求量将达到147.04万吨，未来几年将维持两位数的增速。
我国生产的所有湿电子化学品占全球的10%，我国本土国产化率为23-35%，也就是说中国内地有23-35%的需求由国内的生产商满足
- 通过对19年三季报吨数的估算假设2019年第四季度江化微生产的吨数是前面三个季度的平均数。
- 公司公布的为主要产品，但公司的产品不止这些，但是最少的生产数量是3000吨；一般意义上的湿电子化学品有15种，抛去前面5种剩下10种最大的一定比3000吨小，大致估算成所有加在一起5000吨（可参照前面的需求量比例表）
- (8561+8281+7410+5556+2994+5000)*(4/3) ≈5万吨，2021年","2021年年报公布产能，硝酸500万升，正胶剥离液1500万升，铝蚀刻液700万升；
现有产能9万吨/年，实际产量大致为6万吨；
镇江生产基地设计产能为9万吨/年，现已进入试生产阶段。",,"优势（概括）：①地理条件优异 ②产品种类丰富 ③规模尚可 ④技术优势
劣势（概括）：①生产设备依赖进口 ②限电限产、扩产不及预期。",彭昊,,,,,,"['超净高纯试剂', '光刻胶配套试剂']",['中芯国际']
ATLASCORE-3184,广聚能源,2022-04-03T10:54:05.000+0800,,,,,,,,,,呼庆红,,,,,,['燃料油'],
ATLASCORE-3183,泰山石油,2022-04-03T10:53:40.000+0800,,,,,,,,,,呼庆红,,,,,,['燃料油'],
ATLASCORE-3177,先锋自然资源,2022-04-03T10:48:12.000+0800,,,,,,,,,,呼庆红,,,,,,['页岩油气开采'],['太阳石油']
ATLASCORE-3175,太阳石油,2022-04-03T10:45:51.000+0800,,,,,,,,,,呼庆红,,,,,,['润滑油'],
ATLASCORE-3168,中国石化,2022-04-08T15:57:29.000+0800,,,,,,,,,,呼庆红,,,,,,['石油炼制服务'],
ATLASCORE-3167,中国石油,2022-04-25T09:57:19.000+0800,601857.SH,,公司下属油气主要包括大庆油田、辽河油田、克拉玛依油田等，生产区域主要位于东北、新疆、青海等我国北方地区，产品销往海内外各地。,,市占率17.45%。,"国内市场上，我国石油原油2021年1月到2021年11月总需求量为111252万吨，需求增速高达51.2%。从我国原油产量来看，2021年我国原油产量为19898万吨，比2020年增长2.1%，增速较为平稳。
国际市场上，2021年，我国进口原油51298万吨，同比下降5.4%；出口原油417.1万吨，出口原油金额15亿美金。
国内市场上，我国天然气2021年总生产量为2075.80亿立方米。
国际市场上，2021年我国天然气进口量为12135.6万吨。
国内市场上，2021年我国成品油消费量34148万吨，同比增长3.2%。
国际市场上，2021年我国成品油进口量2712万吨；2021年我国成品油出口量6031万吨。",2021年生产原油总计887.9百万桶；2020年公司的原油加工能力为2.03亿吨/年；2021年公司销售汽油65981千吨，煤油15598千吨，柴油81728千吨。公司运营加油站数量共计22800座，单站加油量8.05吨/日；2021年公司销售天然气2739.74亿立方米。,如需进行大幅度产能调整，需要开发新的油气矿井，比较困难；如需对产能进行小幅度微调，则较为容易。公司一年至少可以增加10.7百万桶原油产能和402.9十亿立方米可销售天然气产能。,价格：根据2021年年报，公司原油平均实现价格3198元/吨；天然气平均实现价格1729元/千立方米；汽油平均数实现价格7018元/吨；柴油平均实现价格5359元/吨；煤油平均实现价格3661元/吨；聚乙烯平均实现价格7835元/吨；聚丙烯平均实现价格7830元/吨；润滑油平均实现价格6858元/吨。公司在石油市场中的议价权较大。,呼庆红,,,,,,"['石油炼制服务', '民爆服务']",
ATLASCORE-3163,埃克森美孚,2022-04-21T16:08:24.000+0800,,,,,,,,,,呼庆红,,,,,,"['石油炼制服务', '油气开采']",
ATLASCORE-3162,巴西石油,2022-04-03T10:38:27.000+0800,,,,,,,,,,呼庆红,,,,,,"['石油炼制服务', '油气开采']",
ATLASCORE-3161,马拉松石油,2022-04-03T10:38:27.000+0800,,,,,,,,,,呼庆红,,,,,,"['石油炼制服务', '油气开采']",
ATLASCORE-3160,马拉松原油,2022-04-03T10:27:27.000+0800,,,,,,,,,,呼庆红,,,,,,['油气仓储运输服务'],['马拉松石油']
ATLASCORE-3159,康菲石油,2022-04-03T10:26:20.000+0800,,,,,,,,,,呼庆红,,,,,,['油气开采'],
ATLASCORE-3156,马钢股份,2022-04-03T10:23:51.000+0800,,,,,,,,,,呼庆红,,,,,,['钢材'],['迪威尔']
ATLASCORE-3155,海油发展,2022-04-03T10:24:19.000+0800,,,,,,,,,,呼庆红,,,,,,"['油气仓储运输服务', '油气开采']",['中国海油']
ATLASCORE-3154,中国海油,2022-04-03T10:22:32.000+0800,,,,,,,,,,呼庆红,,,,,,['油气开采'],
ATLASCORE-3153,中海油服,2022-04-03T10:21:45.000+0800,,,,,,,,,,呼庆红,,,,,,['油气服务'],
ATLASCORE-3152,科威特石油,2022-04-08T15:58:06.000+0800,,,,,,,,,,呼庆红,,,,,,"['天然气', '原油']",
ATLASCORE-3151,壳牌,2022-04-03T10:20:06.000+0800,,,,,,,,,,呼庆红,,,,,,['油气开采'],
ATLASCORE-3150,雪佛龙,2022-04-14T10:49:03.000+0800,,,,,,,,,,呼庆红,,,,,,['油气开采'],
ATLASCORE-3149,戴文能源,2022-04-03T10:18:46.000+0800,,,,,,,,,,呼庆红,,,,,,['油气开采'],
ATLASCORE-3147,通源石油,2022-04-03T10:18:46.000+0800,,,,,,,,,,呼庆红,,,,,,['油气服务'],['戴文能源']
ATLASCORE-3146,哈利伯顿,2022-04-21T16:08:23.000+0800,HAL.N,,北美,,"公司的水利压裂技术是全球唯一一个压裂过程全程可视可控的系统
优势：智能自动化、实时测量/3D可视化、泵送时的实时控制","油服市场空间依赖于石油的价格及增速
伴随着乌俄战争的开始，以及北溪-2号项目在欧洲的彻底制裁，美国油价及天然气价格在之后很长一段时间将会快速上涨，油服公司市场空间会逐步打开。",在60多个国家设立了约300多家服务中心，伴随美国页岩钻探的复苏，以及着石油勘探公司的全速扩张，哈里伯顿将会接到更多的完井工具及服务订单。,"- 公司的业务可能会受到恶劣天气的重大不利影响，尤其是在加拿大、墨西哥湾、俄罗斯和北海。许多专家认为，全球气候变化可能会增加极端天气条件的频率和严重程度。
各种联邦/州的立法和监管举措，以及在其他国家/地区已经采取或可能采取的行动，可能导致对水力压裂作业施加额外的要求或限制。四个州（纽约州、马里兰州、佛蒙特州和华盛顿州）已禁止使用大容量水力压裂，俄勒冈州已暂停 5 年，科罗拉多州已颁布立法，赋予地方政府对水力压裂作业的监管权。",,呼庆红,,,,,,"['油气服务', '油气设备零部件', '油气设备']","['中国石油', '科威特石油', '中国石化', '山脉资源集团', '先锋自然资源']"
ATLASCORE-3145,斯伦贝谢,2022-04-21T16:08:24.000+0800,SLB.N,,总部位于美国纽约和法国巴黎,,,,,,,呼庆红,,,,,,"['油气服务', '油服数字与集成技术']","['雪佛龙', '壳牌', '中国石油', 'Genvia', '热能合作伙伴公司', '山脉资源集团', '康菲石油', '埃克森美孚']"
ATLASCORE-3144,贝克休斯,2022-04-03T10:19:22.000+0800,,,,,,,,,,呼庆红,,,,,,['油气服务'],['雪佛龙']
ATLASCORE-3129,道森股份,2022-04-03T09:56:03.000+0800,,,,,,,,,,呼庆红,,,,,,"['页岩油气开采设备', '油气开采设备']",
ATLASCORE-3128,美国政府,2022-04-03T09:52:01.000+0800,,,,,,,,,,呼庆红,,,,,,['油气开采权'],
ATLASCORE-3122,杰瑞股份,2022-04-03T10:32:59.000+0800,,,,,,,,,,呼庆红,,,,,,"['压裂技术服务', '油气设备']","['中国石油', '中国石化']"
ATLASCORE-3121,迪威尔,2022-04-14T10:45:46.000+0800,,,,,,,,,,呼庆红,,,,,,['油气设备零部件'],"['杰瑞股份', '贝克休斯', '斯伦贝谢']"
